Name,PrivacyPolicyURL,Name_Clean,PrivacyPolicyURL_Clean
VIDEOAMP,https://www.videoamp.com/privacy-policy/,videoamp,https://www.videoamp.com/privacy-policy/
HUNT CLUB,https://www.exploreatlas.io/privacy,huntclub,https://www.exploreatlas.io/privacy
INFORMA USA,https://privacy.informa.com/,informausa,https://privacy.informa.com/
AZERION US,https://www.azerion.com/azerion-global-corporate-privacy-notice/,azerionus,https://www.azerion.com/azerion-global-corporate-privacy-notice/
INTELIUS,https://www.intelius.com/privacy-policy/,intelius,https://www.intelius.com/privacy-policy/
BLACK PEARL GROUP LIMITED,https://www.blackpearl.com/privacy-policy,blackpearlgrouplimited,https://www.blackpearl.com/privacy-policy
WISDOM MEDIA GROUP,https://www.wisdommediagroupllc.com/privacy.php,wisdommediagroup,https://www.wisdommediagroupllc.com/privacy.php
TECHTARGET,https://www.techtarget.com/privacy-policy/,techtarget,https://www.techtarget.com/privacy-policy/
BEESWAX,https://www.beeswax.com/privacy/,beeswax,https://www.beeswax.com/privacy/
FD HOLDINGS,https://www.factualdata.com/privacy/,fdholdings,https://www.factualdata.com/privacy/
REVOPTIMAL,https://www.revoptimal.com/privacy/,revoptimal,https://www.revoptimal.com/privacy/
CONTACTOUT,https://contactout.com/privacy,contactout,https://contactout.com/privacy
GRASSROOTS ANALYTICS,https://www.grassrootsanalytics.com/website-privacypolicy,grassrootsanalytics,https://www.grassrootsanalytics.com/website-privacypolicy
ROQAD,https://www.roq.ad/privacy-policy-roqad/,roqad,https://www.roq.ad/privacy-policy-roqad/
IRYS,https://www.irys.us/privacy-policy,irys,https://www.irys.us/privacy-policy
ORACLE AMERICA,https://www.oracle.com/legal/privacy/privacy-policy/,oracleamerica,https://www.oracle.com/legal/privacy/privacy-policy/
INFORMATIONCOM,https://www.information.com/remove-my-info/,informationcom,https://www.information.com/remove-my-info/
KODDI,https://koddi.com/privacy-policy/,koddi,https://koddi.com/privacy-policy/
GRAVY ANALYTICS,https://docs.gravyanalytics.com/privacypolicy.html,gravyanalytics,https://docs.gravyanalytics.com/privacypolicy.html
ATLANTIC FOX TECHNOLOGIES,https://www.atlanticfox.com/privacy-policy/,atlanticfoxtechnologies,https://www.atlanticfox.com/privacy-policy/
GIANT PARTNERS,https://giantpartners.com/privacy-policy/,giantpartners,https://giantpartners.com/privacy-policy/
CHECKPEOPLE,https://www.checkpeople.com/do-not-sell-info,checkpeople,https://www.checkpeople.com/do-not-sell-info
FOURSQUARE LABS,https://location.foursquare.com/legal/foursquare-privacy-policy-consumer-services/,foursquarelabs,https://location.foursquare.com/legal/foursquare-privacy-policy-consumer-services/
LIONSHARE MARKETING,https://www.lionsharemarketing.com/privacy-policy/,lionsharemarketing,https://www.lionsharemarketing.com/privacy-policy/
LEN SCHENKER,https://anchorcomputer.com/privacy-policy/,lenschenker,https://anchorcomputer.com/privacy-policy/
TRESTLE SOLUTIONS,https://trestleiq.com/privacy-policy/,trestlesolutions,https://trestleiq.com/privacy-policy/
CATALINA,https://www.catalina.com/privacy-policy/,catalina,https://www.catalina.com/privacy-policy/
KEY MARKETING ADVANTAGE,https://www.keymarketingadvantage.com/privacy_policy,keymarketingadvantage,https://www.keymarketingadvantage.com/privacy_policy
TAPAD,https://www.tapad.com/privacy,tapad,https://www.tapad.com/privacy
SKIPSMASHER,https://www.skipsmasher.com/privacy.aspx,skipsmasher,https://www.skipsmasher.com/privacy.aspx
INFLECTIONCOM,https://www.inflection.com/privacy-policy,inflectioncom,https://www.inflection.com/privacy-policy
BUILDERTREND SOLUTIONS,https://www.buildertrend.com/additional-state-disclosures/,buildertrendsolutions,https://www.buildertrend.com/additional-state-disclosures/
ROCKETREACH,https://www.rocketreach.co/privacy,rocketreach,https://www.rocketreach.co/privacy
DIGITAL VIKING MEDIA,https://www.digitalvikingmedia.com/privacy-policy,digitalvikingmedia,https://www.digitalvikingmedia.com/privacy-policy
CLARITY SERVICES,https://www.clarityservices.com/privacy-policy/,clarityservices,https://www.clarityservices.com/privacy-policy/
BDO GCI,https://www.bdo.com/privacy-policy,bdogci,https://www.bdo.com/privacy-policy
ACRONYMIX,https://acronymix.com/privacy-policy/,acronymix,https://acronymix.com/privacy-policy/
CONNECTED INVESTORS,https://connectedinvestors.com/privacy-policy,connectedinvestors,https://connectedinvestors.com/privacy-policy
CENSIA,https://www.censia.com/privacy-policy/,censia,https://www.censia.com/privacy-policy/
VERTIFY,https://www.vertify.com/privacy-policy/,vertify,https://www.vertify.com/privacy-policy/
ALC,https://adstradata.com/privacy-policy/,alc,https://adstradata.com/privacy-policy/
LEADIQ,https://privacy.leadiq.com/legal/privacy-policy,leadiq,https://privacy.leadiq.com/legal/privacy-policy
BIRCHWOOD CREDIT SERVICES,https://www.birchwoodcreditservices.com/privacy-policy/,birchwoodcreditservices,https://www.birchwoodcreditservices.com/privacy-policy/
RECSOLU,https://yello.co/privacy-policy/,recsolu,https://yello.co/privacy-policy/
DATAMAIL,https://www.data-management.com/privacy-policy,datamail,https://www.data-management.com/privacy-policy
ONAUDIENCE LTD,https://www.onaudience.com/internet-advertising-privacy-policy,onaudienceltd,https://www.onaudience.com/internet-advertising-privacy-policy
ID5 TECHNOLOGY LTD,https://www.id5.io/privacy-policy/,id5technologyltd,https://www.id5.io/privacy-policy/
VIANT US,https://s42464.pcdn.co/wp-content/uploads/2025/02/Viant-Website-Privacy-Policy-2.12.2025-FINAL.docx-Google-Docs.pdf,viantus,https://s42464.pcdn.co/wp-content/uploads/2025/02/viant-website-privacy-policy-2.12.2025-final.docx-google-docs.pdf
EMAILMOVERS LTD,https://emailmovers.com/privacy-policy/,emailmoversltd,https://emailmovers.com/privacy-policy/
IDENGINE,https://idengine.com/privacy-policy/,idengine,https://idengine.com/privacy-policy/
STEFAN CERTIC,https://www.flashintel.ai/privacy-statement-us,stefancertic,https://www.flashintel.ai/privacy-statement-us
FARADAY,https://www.faraday.io/legal,faraday,https://www.faraday.io/legal
ATDATA,https://www.atdata.com/privacy-policy/,atdata,https://www.atdata.com/privacy-policy/
PACIFICEAST RESEARCH,https://www.pacificeast.com/privacy-policy/,pacificeastresearch,https://www.pacificeast.com/privacy-policy/
H1 INSIGHTS,https://h1.co/privacy-policy/,h1insights,https://h1.co/privacy-policy/
WIZA,https://www.wiza.co/privacy,wiza,https://www.wiza.co/privacy
PLACE EXCHANGE,https://www.placeexchange.com/privacy,placeexchange,https://www.placeexchange.com/privacy
ZENLEADS,https://www.apollo.io/privacy-policy,zenleads,https://www.apollo.io/privacy-policy
33ACROSS,https://www.33across.com/privacy-policy/,33across,https://www.33across.com/privacy-policy/
SIMIO CLOUD,https://www.simiocloud.com/simiocloud-products-services-privacy-policy/,simiocloud,https://www.simiocloud.com/simiocloud-products-services-privacy-policy/
RESULTS ONLY CONSULTING AND ADVERTISING,https://www.rocadvertising.com/privacy-policy/,resultsonlyconsultingandadvertising,https://www.rocadvertising.com/privacy-policy/
LEAD INTELLIGENCE,https://marketing.verisk.com/privacy-center/,leadintelligence,https://marketing.verisk.com/privacy-center/
EREPUBLIC,https://www.erepublic.com/privacy/,erepublic,https://www.erepublic.com/privacy/
BLUE ACTION,https://www.blueaction.io/privacy,blueaction,https://www.blueaction.io/privacy
VIRTUAL MARKETING,https://www.fusion92.com/privacy-policy,virtualmarketing,https://www.fusion92.com/privacy-policy
USADATA,https://www.usadata.com/privacy-policy,usadata,https://www.usadata.com/privacy-policy
AUTOMOTIVE MASTERMIND,https://www.automotivemastermind.com/privacy-policy,automotivemastermind,https://www.automotivemastermind.com/privacy-policy
COMSCORE,https://www.comscore.com/About/Privacy-Policy,comscore,https://www.comscore.com/about/privacy-policy
AIS RECOVERY SOLUTIONS,https://aisrecovery.com/privacy-policy/,aisrecoverysolutions,https://aisrecovery.com/privacy-policy/
OUTLOGIC,https://outlogic.io/privacy-policy/,outlogic,https://outlogic.io/privacy-policy/
PITCHBOOK DATA,https://www.pitchbook.com/privacy-policy,pitchbookdata,https://www.pitchbook.com/privacy-policy
ANNE LEWIS STRATEGIES,https://missionwired.com/privacy-policy/,annelewisstrategies,https://missionwired.com/privacy-policy/
ECONOMIC MODELING,https://www.lightcast.io/privacy-policy#privacy-policy,economicmodeling,https://www.lightcast.io/privacy-policy#privacy-policy
KNOWWHO,https://www.knowwho.com/service/privacy/,knowwho,https://www.knowwho.com/service/privacy/
KOMODO HEALTH,https://www.komodohealth.com/privacy-notice/,komodohealth,https://www.komodohealth.com/privacy-notice/
PEOPLE DATA LABS,https://privacy.peopledatalabs.com/policies?name=privacy-policy,peopledatalabs,https://privacy.peopledatalabs.com/policies?name=privacy-policy
LUCID HOLDINGS,https://www.cint.com/privacy-policy/,lucidholdings,https://www.cint.com/privacy-policy/
CROSS PIXEL MEDIA,https://www.crosspixel.net/privacy-policy/,crosspixelmedia,https://www.crosspixel.net/privacy-policy/
TOWERDATA,https://www.towerdata.com/privacy-policy/,towerdata,https://www.towerdata.com/privacy-policy/
CONNEXT DIGITAL,https://www.connextdigital.com/privacy-policy/,connextdigital,https://www.connextdigital.com/privacy-policy/
BACKGROUND INFORMATION SERVICES,https://www.bisi.com/?pg=privacy,backgroundinformationservices,https://www.bisi.com/?pg=privacy
LOCATESMARTER,https://locatesmarter.com/privacy-policy/,locatesmarter,https://locatesmarter.com/privacy-policy/
ARISTOTLE INTERNATIONAL,https://www.aristotle.com/privacy/,aristotleinternational,https://www.aristotle.com/privacy/
LIVE DATA TECHNOLOGIES,https://www.livedatatechnologies.com/legals,livedatatechnologies,https://www.livedatatechnologies.com/legals
SIMILARWEB LTD,https://www.similarweb.com/corp/legal/privacy-policy/,similarwebltd,https://www.similarweb.com/corp/legal/privacy-policy/
AMERICAN CITY BUSINESS JOURNALS,https://www.acbj.com/privacy,americancitybusinessjournals,https://www.acbj.com/privacy
REDMOB,https://www.redmob.io/privacy-policy,redmob,https://www.redmob.io/privacy-policy
EYEOTA PTE LTD,https://www.eyeota.com/privacy-center,eyeotapteltd,https://www.eyeota.com/privacy-center
6SENSE INSIGHTS,https://6sense.com/privacy-policy/,6senseinsights,https://6sense.com/privacy-policy/
IWAVE INFORMATION SYSTEMS,https://kindsight.io/privacy-policy/,iwaveinformationsystems,https://kindsight.io/privacy-policy/
WHITEPAGES,https://www.whitepages.com/privacy,whitepages,https://www.whitepages.com/privacy
DEMANDBASE,https://www.demandbase.com/privacy-center.html?ketch_preferences_tab=rightsTab,demandbase,https://www.demandbase.com/privacy-center.html?ketch_preferences_tab=rightstab
SEAMLESS CONTACTS,https://www.seamless.ai/policies/privacy-policy,seamlesscontacts,https://www.seamless.ai/policies/privacy-policy
VALASSIS COMMUNICATIONS,https://www.rrd.com/privacy-policy,valassiscommunications,https://www.rrd.com/privacy-policy
KEYWORD CONNECTS,https://www.keywordconnects.com/privacy-policy,keywordconnects,https://www.keywordconnects.com/privacy-policy
DIABLO MEDIA,https://www.diablomedia.com/privacy/,diablomedia,https://www.diablomedia.com/privacy/
TINUITI,https://tinuiti.com/privacy-policy/,tinuiti,https://tinuiti.com/privacy-policy/
BOOK YOUR DATA,https://www.bookyourdata.com/privacy-policy,bookyourdata,https://www.bookyourdata.com/privacy-policy
DEALERX PARTNERS,https://dealerx.com/privacy-policy/,dealerxpartners,https://dealerx.com/privacy-policy/
XOME,https://www.xome.com/pages/privacy-policy,xome,https://www.xome.com/pages/privacy-policy
LIVEINTENT,https://www.liveintent.com/privacy-policy/,liveintent,https://www.liveintent.com/privacy-policy/
US MARKETING GROUP,https://usmarketinggrp.com/privacy-policy/,usmarketinggroup,https://usmarketinggrp.com/privacy-policy/
ZETA GLOBAL CORP,https://zetaglobal.com/privacy-policy/,zetaglobalcorp,https://zetaglobal.com/privacy-policy/
DATADELIVERS,https://datadelivers.com/privacy-policy/,datadelivers,https://datadelivers.com/privacy-policy/
AMRENT,https://www.amrent.com/privacy_policy.html,amrent,https://www.amrent.com/privacy_policy.html
CLEARCOMPANY,https://www.clearcompany.com/privacy-policy/,clearcompany,https://www.clearcompany.com/privacy-policy/
EXPLORIUM,https://www.explorium.ai/privacy-policy/,explorium,https://www.explorium.ai/privacy-policy/
ATTOM DATA SOLUTIONS,https://www.attomdata.com/privacy/,attomdatasolutions,https://www.attomdata.com/privacy/
INFOPAY,https://www.infopay.com/privacy,infopay,https://www.infopay.com/privacy
THE BRIDGE CORP,https://www.thebridgecorp.com/privacy-policy/,thebridgecorp,https://www.thebridgecorp.com/privacy-policy/
LIVERAMP HOLDINGS,https://liveramp.com/privacy/,liverampholdings,https://liveramp.com/privacy/
SOCIAL CATFISH,https://www.socialcatfish.com/privacy-lock?action=1,socialcatfish,https://www.socialcatfish.com/privacy-lock?action=1
INFORMATION DATA RESOURCES,https://www.publicinfoservices.com/help-center/privacy,informationdataresources,https://www.publicinfoservices.com/help-center/privacy
THROTLE,https://www.throtle.io/website-privacy-policy,throtle,https://www.throtle.io/website-privacy-policy
ADVISORTARGET,https://www.finsum.com/index.php/what-we-do/privacy-policy,advisortarget,https://www.finsum.com/index.php/what-we-do/privacy-policy
ILEADSCOM,https://ileads.com/company/privacy-policy/,ileadscom,https://ileads.com/company/privacy-policy/
DIGITAL SEGMENT,https://www.digitalsegment.com/about/privacy-policy/,digitalsegment,https://www.digitalsegment.com/about/privacy-policy/
ORGIO,https://www.theorg.com/privacy,orgio,https://www.theorg.com/privacy
VENPATH,https://www.venpath.net/legal/privacy-notice,venpath,https://www.venpath.net/legal/privacy-notice
FAMOUS BIRTHDAYS,https://www.famousbirthdays.com/privacy/,famousbirthdays,https://www.famousbirthdays.com/privacy/
CHOREOGRAPH LLP,https://www.choreograph.com/global-privacy-policy/global-privacy-policy-english,choreographllp,https://www.choreograph.com/global-privacy-policy/global-privacy-policy-english
POP ACTA MEDIA,https://www.popacta.com/privacy-policy/,popactamedia,https://www.popacta.com/privacy-policy/
BLUE HILL MARKETING SOLUTIONS,https://www.liftengine.com/privacy-policy/,bluehillmarketingsolutions,https://www.liftengine.com/privacy-policy/
TAX CREDIT CO,https://www.experianverify.com/privacy,taxcreditco,https://www.experianverify.com/privacy
MEDIAMATH,https://www.mediamath.com/privacy-policy/,mediamath,https://www.mediamath.com/privacy-policy/
BISCRED,https://www.biscred.com/privacy-policy,biscred,https://www.biscred.com/privacy-policy
SCHMERMS,https://www.date-detective.app/agreements/privacy-policy,schmerms,https://www.date-detective.app/agreements/privacy-policy
BDO USA LLP,https://www.bdo.com/website-terms-and-conditions,bdousallp,https://www.bdo.com/website-terms-and-conditions
NATIONAL OPINION INSTITUTE,https://nationalopinioninstitute.com/privacy/,nationalopinioninstitute,https://nationalopinioninstitute.com/privacy/
LEADCRUNCH,https://getrev.ai/privacy-policy/,leadcrunch,https://getrev.ai/privacy-policy/
SLASHDOT MEDIA,https://www.slashdotmedia.com/privacy-statement/,slashdotmedia,https://www.slashdotmedia.com/privacy-statement/
ADDRESS CLEARING HOUSE,https://www.achcoop.com/privacy-policy,addressclearinghouse,https://www.achcoop.com/privacy-policy
FIRST DIRECT,https://firstdirectmarketing.com/privacy-policy/,firstdirect,https://firstdirectmarketing.com/privacy-policy/
STERLING DATA COMPANY,https://www.sterlingstrategies.co/privacy-policy,sterlingdatacompany,https://www.sterlingstrategies.co/privacy-policy
LUSHA SYSTEMS,https://www.lusha.com/privacy_topic/control-your-profile/,lushasystems,https://www.lusha.com/privacy_topic/control-your-profile/
AUTOWEB,https://www.autoweb.com/privacy,autoweb,https://www.autoweb.com/privacy
TELETRACK,https://www.corelogic.com/legal/privacy-policy,teletrack,https://www.corelogic.com/legal/privacy-policy
SWORDFISH AI,https://www.swordfish.ai/policy-ccpa,swordfishai,https://www.swordfish.ai/policy-ccpa
AIS PORTFOLIO SERVICES,https://www.aisinfo.com/privacy?hsLang=en,aisportfolioservices,https://www.aisinfo.com/privacy?hslang=en
HIRETEAMMATE,https://www.app.hireez.com/ownyourdata,hireteammate,https://www.app.hireez.com/ownyourdata
CUEBIQ GROUP,https://www.cuebiq.com/privacypolicy/,cuebiqgroup,https://www.cuebiq.com/privacypolicy/
ESITE ANALYTICS,https://kalibrate.com/privacy-policy/,esiteanalytics,https://kalibrate.com/privacy-policy/
INTALYTICS,https://www.kalibrate.com/privacy-policy/,intalytics,https://www.kalibrate.com/privacy-policy/
MOBILE TECHNOLOGY,https://www.onspotdata.com/privacy-policy,mobiletechnology,https://www.onspotdata.com/privacy-policy
INDIEMARK,https://www.blackbox.email/privacy-policy?hsLang=en,indiemark,https://www.blackbox.email/privacy-policy?hslang=en
LEAD411,https://www.lead411.com/privacy-policy/,lead411,https://www.lead411.com/privacy-policy/
PEOPLEFINDERS,https://www.peoplefinders.com/about/privacy,peoplefinders,https://www.peoplefinders.com/about/privacy
INSTITUTIONAL SHAREHOLDER SERVICES,https://www.issgovernance.com/privacy-legal/,institutionalshareholderservices,https://www.issgovernance.com/privacy-legal/
SCALABLE COMMERCE,https://www.kidslivesafe.com/help-center/privacy,scalablecommerce,https://www.kidslivesafe.com/help-center/privacy
LABELS LISTS,https://www.l2-data.com/privpageopt-009087675/,labelslists,https://www.l2-data.com/privpageopt-009087675/
PROJECT APPLECART,https://www.applecart.co/privacy,projectapplecart,https://www.applecart.co/privacy
VALASSIS DIRECT MAIL,https://www.valassis.com/privacy-policy,valassisdirectmail,https://www.valassis.com/privacy-policy
NORTH AMERICAN MEDIA,https://www.iubenda.com/privacy-policy/13411547,northamericanmedia,https://www.iubenda.com/privacy-policy/13411547
STRUCTURE,https://structure.ac/privacy-policy/,structure,https://structure.ac/privacy-policy/
SOURCE PATH DIGITAL,https://www.sourcepathdigital.com/privacy-policy/,sourcepathdigital,https://www.sourcepathdigital.com/privacy-policy/
PLUNGE,https://www.plungedigital.com/privacy-policy/,plunge,https://www.plungedigital.com/privacy-policy/
MARKETING PARTNER SERVICES,https://www.siteimpact.com/privacypolicy.php,marketingpartnerservices,https://www.siteimpact.com/privacypolicy.php
CATALYZE AI,https://www.catalyzeai.com/privacy-policy,catalyzeai,https://www.catalyzeai.com/privacy-policy
CIVIL DATA RESEARCH,https://www.searchpublicrecords.com/help-center/privacy,civildataresearch,https://www.searchpublicrecords.com/help-center/privacy
DEALERDIRECT,https://www.forddirect.com/privacy,dealerdirect,https://www.forddirect.com/privacy
RHETORIK LIMITED,https://rhetorik.com/privacy-policy/,rhetoriklimited,https://rhetorik.com/privacy-policy/
FOURLEAF,https://www.fourleafdata.com/privacy-policy,fourleaf,https://www.fourleafdata.com/privacy-policy
ABOVE DATA,https://www.abovedata.io/privacy-policy/,abovedata,https://www.abovedata.io/privacy-policy/
BTRS HOLDINGS,https://www.billtrust.com/legal/privacy-policy,btrsholdings,https://www.billtrust.com/legal/privacy-policy
RAY CDP,https://www.rayinsights.com/privacy-policy/,raycdp,https://www.rayinsights.com/privacy-policy/
LEXISNEXIS RISK SOLUTIONS FL,https://risk.lexisnexis.com/corporate/privacy-policy,lexisnexisrisksolutionsfl,https://risk.lexisnexis.com/corporate/privacy-policy
PROXIMA PLATFORM,https://www.proximaplatform.com/consumer-privacy-policy,proximaplatform,https://www.proximaplatform.com/consumer-privacy-policy
MINERVA BI,https://www.realtors.minervadata.xyz/privacy-policy,minervabi,https://www.realtors.minervadata.xyz/privacy-policy
KYBER HEALTH DATA,https://www.cowen.com/ca/en/privacy-security,kyberhealthdata,https://www.cowen.com/ca/en/privacy-security
EPRODIRECT,https://www.eprodirect.com/privacy-policy/,eprodirect,https://www.eprodirect.com/privacy-policy/
COSTAR GROUP,https://www.costar.com/about/privacy-notice,costargroup,https://www.costar.com/about/privacy-notice
LIZDEV,https://lizdev.com/privacy-policy/,lizdev,https://lizdev.com/privacy-policy/
ANDREWS WHARTON,https://www.andrewswharton.com/privacy,andrewswharton,https://www.andrewswharton.com/privacy
ANALYTICSIQ,https://www.analytics-iq.com/privacy-policy/,analyticsiq,https://www.analytics-iq.com/privacy-policy/
BELARDI OSTROY ALC,https://www.belardiwong.com/privacy-policy,belardiostroyalc,https://www.belardiwong.com/privacy-policy
DECISIONLINKS,https://www.decisionlinks.com/privacy-policy,decisionlinks,https://www.decisionlinks.com/privacy-policy
VRTCAL MARKETS,https://www.vrtcal.com/docs/PrivacyPolicy-Corporate.pdf,vrtcalmarkets,https://www.vrtcal.com/docs/privacypolicy-corporate.pdf
TAGIS,https://www.amplemarket.com/legal/privacy,tagis,https://www.amplemarket.com/legal/privacy
BACKGROUNDCHECKSCOM,https://www.backgroundchecks.com/privacy-policy,backgroundcheckscom,https://www.backgroundchecks.com/privacy-policy
ACTIVE INTEL INVESTIGATIONS,https://www.activeintel.com/terms-conditions-copy/,activeintelinvestigations,https://www.activeintel.com/terms-conditions-copy/
EVORRA LTD,https://www.evorra.com/privacy-data-policies/product-privacy-policy/,evorraltd,https://www.evorra.com/privacy-data-policies/product-privacy-policy/
SENTILINK CORP,https://www.sentilink.com/privacy-policy/,sentilinkcorp,https://www.sentilink.com/privacy-policy/
LS MOBILE APPS HOLDINGS LTD,https://www.lsmapps.com/privacy-policy,lsmobileappsholdingsltd,https://www.lsmapps.com/privacy-policy
PENSION BENEFIT INFORMATION,https://pbinfo.com/privacy-policy/,pensionbenefitinformation,https://pbinfo.com/privacy-policy/
EXACT OPCO,https://www.remodelyourhome.com/policy.html,exactopco,https://www.remodelyourhome.com/policy.html
WEBBULA,https://webbula.com/privacy-policy/,webbula,https://webbula.com/privacy-policy/
MEDIASOFT,https://www.mediasoftstudio.com/privacy.php,mediasoft,https://www.mediasoftstudio.com/privacy.php
DICE CAREER SOLUTIONS,https://www.dice.com/about/privacy-policy,dicecareersolutions,https://www.dice.com/about/privacy-policy
SHARE LOCAL MEDIA,https://www.sharelocalmedia.com/privacy-policy,sharelocalmedia,https://www.sharelocalmedia.com/privacy-policy
MONEVO,https://www.app.monevo.us/california-privacy-policy,monevo,https://www.app.monevo.us/california-privacy-policy
BOARDEX,https://boardex.com/privacy-policy,boardex,https://boardex.com/privacy-policy
NATIONAL STUDENT CLEARINGHOUSE,https://studentclearinghouse.org/privacy-policy/,nationalstudentclearinghouse,https://studentclearinghouse.org/privacy-policy/
REVEAL MOBILE,https://revealmobile.com/privacy/,revealmobile,https://revealmobile.com/privacy/
ROUND SKY,https://www.roundsky.com/privacypolicy.php,roundsky,https://www.roundsky.com/privacypolicy.php
BLACKBAUD,https://www.blackbaud.com/company/privacy-policy/north-america,blackbaud,https://www.blackbaud.com/company/privacy-policy/north-america
ADVERTISE4SALES,https://www.4legalleads.com/lawyer-faq/#lp-pom-block-926,advertise4sales,https://www.4legalleads.com/lawyer-faq/#lp-pom-block-926
US DATA,https://www.usdatacorporation.com/privacy-policy/,usdata,https://www.usdatacorporation.com/privacy-policy/
SAMBA TV,https://www.samba.tv/users/privacy-policy,sambatv,https://www.samba.tv/users/privacy-policy
SABIO,https://www.sabio.inc/privacypolicy,sabio,https://www.sabio.inc/privacypolicy
TRUE OPULENCE,https://trueopulence.com/en/privacy-policy,trueopulence,https://trueopulence.com/en/privacy-policy
GRAYHAIR SOFTWARE,https://www.grayhairsoftware.com/privacy-policy/,grayhairsoftware,https://www.grayhairsoftware.com/privacy-policy/
WINR DATA BV,https://www.winrdata.com/privacy-policy/,winrdatabv,https://www.winrdata.com/privacy-policy/
HEXASOFT DEVELOPMENT SDN BHD,https://www.ip2location.com/privacy-policy,hexasoftdevelopmentsdnbhd,https://www.ip2location.com/privacy-policy
CONVERGE DIRECT,https://www.convergedirect.com/compliance,convergedirect,https://www.convergedirect.com/compliance
LOOKIFY,https://www.lookify.io/privacy-policy,lookify,https://www.lookify.io/privacy-policy
OPTIMAL FUSION,https://www.optimalfusion.com/privacy/,optimalfusion,https://www.optimalfusion.com/privacy/
EXPERIAN MARKETING SOLUTIONS,https://www.experian.com/privacy/us-consumer-data-privacy-policy,experianmarketingsolutions,https://www.experian.com/privacy/us-consumer-data-privacy-policy
KB SYNERGY,https://www.kbsynergy.com/privacy-policy-ccpa-do-not-sell-my-information/,kbsynergy,https://www.kbsynergy.com/privacy-policy-ccpa-do-not-sell-my-information/
ACCURATE APPEND,https://accurateappend.com/privacy-policy/,accurateappend,https://accurateappend.com/privacy-policy/
ADVANTAGE SALES MARKETING,https://take5mg.com/privacypolicy-ca-residents-notice/,advantagesalesmarketing,https://take5mg.com/privacypolicy-ca-residents-notice/
IMPRINT ANALYTICS,https://imprintanalytics.io/privacy/,imprintanalytics,https://imprintanalytics.io/privacy/
UNITED ONE RESOURCES,https://www.unitedone.com/privacy-policy/,unitedoneresources,https://www.unitedone.com/privacy-policy/
WINDFALL DATA,https://www.windfall.com/privacy,windfalldata,https://www.windfall.com/privacy
INTENT IQ,https://www.intentiq.com/website-privacy-policy/,intentiq,https://www.intentiq.com/website-privacy-policy/
BOARDROOM INSIDERS,https://boardroominsiders.com/privacy-policy,boardroominsiders,https://boardroominsiders.com/privacy-policy
INTENTSIFY,https://intentsify.io/privacy-policy/,intentsify,https://intentsify.io/privacy-policy/
PERMUTIVE,https://www.permutive.com/privacy/,permutive,https://www.permutive.com/privacy/
ENIGMA TECHNOLOGIES,https://enigma.com/company/privacy-policy,enigmatechnologies,https://enigma.com/company/privacy-policy
EL TOROCOM,https://www.eltoro.com/your-privacy-choices/,eltorocom,https://www.eltoro.com/your-privacy-choices/
INFOFREECOM,https://www.infofree.com/privacy-policy/,infofreecom,https://www.infofree.com/privacy-policy/
BUYERLINK,https://www.buyerlink.com/privacy,buyerlink,https://www.buyerlink.com/privacy
THE PEOPLE SEARCHERS,https://www.peoplesearcher.com/optOut/name/landing,thepeoplesearchers,https://www.peoplesearcher.com/optout/name/landing
FYLLO,https://www.hellofyllo.com/legal/privacy-policies,fyllo,https://www.hellofyllo.com/legal/privacy-policies
LEADSMARKETCOM,https://www.leadsmarket.com/privacy-policy,leadsmarketcom,https://www.leadsmarket.com/privacy-policy
TRUTHFINDER,https://www.truthfinder.com/privacy-policy/,truthfinder,https://www.truthfinder.com/privacy-policy/
AIDENTIFIED,https://www.aidentified.com/privacy-policy,aidentified,https://www.aidentified.com/privacy-policy
DISQUS,https://www.disqus.com/privacy,disqus,https://www.disqus.com/privacy
SCILEADS LTD,https://scileads.com/privacy-policy/,scileadsltd,https://scileads.com/privacy-policy/
HEALTHCARE,https://www.healthcare.com/privacy-policy,healthcare,https://www.healthcare.com/privacy-policy
DIGICENTER,https://www.collectivedata.io/website-visitor-privacy-policy/,digicenter,https://www.collectivedata.io/website-visitor-privacy-policy/
HOMEDATA,https://deepsync.com/privacy-policy/,homedata,https://deepsync.com/privacy-policy/
DATA PLUS CONTENT,https://www.datapluscontent.com/privacy-policy,datapluscontent,https://www.datapluscontent.com/privacy-policy
BIOINTELLI,https://www.biointelli.com/Account/PrivacyPolicy,biointelli,https://www.biointelli.com/account/privacypolicy
NEXT WAVE MARKETING STRATEGIES,https://agedleadstore.com/privacy-policy/,nextwavemarketingstrategies,https://agedleadstore.com/privacy-policy/
BUXTON COMPANY,https://www.buxtonco.com/privacy-policy,buxtoncompany,https://www.buxtonco.com/privacy-policy
M1 DATA ANALYTICS,https://m1-data.com/privacy-policy/,m1dataanalytics,https://m1-data.com/privacy-policy/
BDEX,https://www.bdex.com/privacy-policy,bdex,https://www.bdex.com/privacy-policy
KOCHAVA,https://www.kochava.com/website-visitor-privacy-policy/,kochava,https://www.kochava.com/website-visitor-privacy-policy/
NYMBLR,https://www.nimbler.com/copy-of-privacy-policy,nymblr,https://www.nimbler.com/copy-of-privacy-policy
SALESINTEL RESEARCH,https://salesintel.io/privacy-policy/,salesintelresearch,https://salesintel.io/privacy-policy/
DTN,https://www.dtn.com/privacy-and-cookies/,dtn,https://www.dtn.com/privacy-and-cookies/
ACXIOM,https://www.acxiom.com/privacy/,acxiom,https://www.acxiom.com/privacy/
GUNDERSON DIRECT,https://gundir.com/privacy-policy/,gundersondirect,https://gundir.com/privacy-policy/
PARTNERS CREDIT AND VERIFICATION SOLUTIONS,https://www.partnerscredit.com/privacy-policy.html,partnerscreditandverificationsolutions,https://www.partnerscredit.com/privacy-policy.html
FOURTHWALL MEDIA,https://www.fourthwall.tv/privacy-fourthwall,fourthwallmedia,https://www.fourthwall.tv/privacy-fourthwall
FOO MONK,https://instantly.ai/privacy,foomonk,https://instantly.ai/privacy
BROOKS INTEGRATED MARKETING,https://www.brooksim.com/privacy-policy,brooksintegratedmarketing,https://www.brooksim.com/privacy-policy
SPYCLOUD,https://www.spycloud.com/legal/privacy-policy/,spycloud,https://www.spycloud.com/legal/privacy-policy/
CLARITAS,https://www.claritas.com/privacy-legal/,claritas,https://www.claritas.com/privacy-legal/
UPLEAD,https://www.uplead.com/privacy/,uplead,https://www.uplead.com/privacy/
RESEARCHUSA,https://researchusallc.com/privacy-policy/,researchusa,https://researchusallc.com/privacy-policy/
ALL GOOD MEDIA,https://www.attribits.com/privacy-policy,allgoodmedia,https://www.attribits.com/privacy-policy
FREE DATA SERVICES,https://www.truepeoplesearch.com/privacy,freedataservices,https://www.truepeoplesearch.com/privacy
01ADVERTISING,https://www.01advertising.com/legal/privacy/,01advertising,https://www.01advertising.com/legal/privacy/
XCELERATED DATA,https://www.xcelerated.com/general-5,xcelerateddata,https://www.xcelerated.com/general-5
HEALTHLINK DIMENSIONS,https://www.healthlinkdimensions.com/privacy-policy?hsLang=en,healthlinkdimensions,https://www.healthlinkdimensions.com/privacy-policy?hslang=en
OPENX TECHNOLOGIES,https://www.openx.com/privacy-center/privacy-policy/,openxtechnologies,https://www.openx.com/privacy-center/privacy-policy/
ISPOTTV,https://www.ispot.tv/privacy,ispottv,https://www.ispot.tv/privacy
CIVITECH,https://www.civitech.io/privacy-policy/,civitech,https://www.civitech.io/privacy-policy/
FIRST MOVERS ADVANTAGE,https://www.fmadata.com/privacy-policy,firstmoversadvantage,https://www.fmadata.com/privacy-policy
OUTBRAIN,https://www.my.outbrain.com/recommendations-settings/home,outbrain,https://www.my.outbrain.com/recommendations-settings/home
RP ONSITE,https://www.realpage.com/legal/privacy-policy/,rponsite,https://www.realpage.com/legal/privacy-policy/
PIPL,http://pipl.com/resources/privacy-documents/privacy-policy,pipl,http://pipl.com/resources/privacy-documents/privacy-policy
CRISIL IRVENA US,https://www.crisil.com/content/crisilcom/en/home/crisil-privacy-notice.html,crisilirvenaus,https://www.crisil.com/content/crisilcom/en/home/crisil-privacy-notice.html
MELTWATER NEWS US,https://www.meltwater.com/en/privacy,meltwaternewsus,https://www.meltwater.com/en/privacy
LEADPOST,https://leadpost.com/privacy-policy/,leadpost,https://leadpost.com/privacy-policy/
TRAACKR,https://www.traackr.com/privacy-policy,traackr,https://www.traackr.com/privacy-policy
PEOPLECONNECT,https://www.peopleconnect.us/privacy-policy/,peopleconnect,https://www.peopleconnect.us/privacy-policy/
PRIVATE RECORDS,https://www.privaterecords.net/optOut/name/landing,privaterecords,https://www.privaterecords.net/optout/name/landing
APIHUB,https://www.clearbit.com/privacy-policy,apihub,https://www.clearbit.com/privacy-policy
HEALTHWISE DATA,https://www.healthwisedata.com/privacy,healthwisedata,https://www.healthwisedata.com/privacy
EKATA,https://www.ekata.com/privacy-policy/,ekata,https://www.ekata.com/privacy-policy/
ZS ASSOCIATES,https://www.zs.com/privacy-policy-highlights,zsassociates,https://www.zs.com/privacy-policy-highlights
SPECIALISTS MARKETING SERVICES,https://sms-inc.com/privacy-notice/,specialistsmarketingservices,https://sms-inc.com/privacy-notice/
CENGAGE LEARNING,https://www.cengagegroup.com/privacy/,cengagelearning,https://www.cengagegroup.com/privacy/
NEXTROLL,https://www.nextroll.com/privacy,nextroll,https://www.nextroll.com/privacy
PROPERTYRADAR,https://www.propertyradar.com/privacy-policy?hsLang=en,propertyradar,https://www.propertyradar.com/privacy-policy?hslang=en
INNOVIS DATA SOLUTIONS,https://www.innovis.com/home/privacy,innovisdatasolutions,https://www.innovis.com/home/privacy
REALSOURCE,https://www.realsourcedata.com/privacy-policy,realsource,https://www.realsourcedata.com/privacy-policy
KARGO GLOBAL,https://www.kargo.com/privacy,kargoglobal,https://www.kargo.com/privacy
THE OPEN DATA PEOPLE,https://www.openpeoplesearch.com/Privacy,theopendatapeople,https://www.openpeoplesearch.com/privacy
LIGHTHOUSE LIST,https://www.lighthouselist.com/privacy-policy,lighthouselist,https://www.lighthouselist.com/privacy-policy
RELPRO,https://www.relpro.com/privacy-policy,relpro,https://www.relpro.com/privacy-policy
REKLAIM LTD,https://www.reklaimyours.com/privacy-policy,reklaimltd,https://www.reklaimyours.com/privacy-policy
CYBBA,https://www.cybba.com/privacy-policy/,cybba,https://www.cybba.com/privacy-policy/
COGNISM,https://www.cognism.com/privacy-policy,cognism,https://www.cognism.com/privacy-policy
TABOOLA,https://www.taboola.com/privacy-policy,taboola,https://www.taboola.com/privacy-policy
VENTIVEIQ,https://ventiveiq.com/privacy-policy/,ventiveiq,https://ventiveiq.com/privacy-policy/
DSPOLITICAL,https://www.winwithoptimal.com/privacy-policy/,dspolitical,https://www.winwithoptimal.com/privacy-policy/
MERKLE,https://merkleinc.com/en/privacy-policy.html,merkle,https://merkleinc.com/en/privacy-policy.html
ONLINE ADVERTISING NETWORK SP Z OO,https://oan.pl/privacy-policy/,onlineadvertisingnetworkspzoo,https://oan.pl/privacy-policy/
XACTUS,https://xactus.com/privacy-policy/,xactus,https://xactus.com/privacy-policy/
VISUAL VISITOR LLC,https://www.visualvisitor.com/legal-agreements/,visualvisitorllc,https://www.visualvisitor.com/legal-agreements/
UNITY TECHNOLOGIES SF,https://www.unity.com/legal/privacy-policy,unitytechnologiessf,https://www.unity.com/legal/privacy-policy
CREDIT BUREAU OF COUNCIL BLUFFS,https://www.creditinfosystems.com/privacy-policy/,creditbureauofcouncilbluffs,https://www.creditinfosystems.com/privacy-policy/
CRAWLBEE CORP,https://www.crawlbee.com/optout,crawlbeecorp,https://www.crawlbee.com/optout
RPMDIRECT,https://www.exlservice.com/privacy-policy,rpmdirect,https://www.exlservice.com/privacy-policy
ADEPT ID,https://www.adept-id.com/privacy-policy/,adeptid,https://www.adept-id.com/privacy-policy/
DELUXE,https://www.deluxe.com/policy/privacy/,deluxe,https://www.deluxe.com/policy/privacy/
SEMCASTINGCOM,https://www.semcasting.com/privacy_policy,semcastingcom,https://www.semcasting.com/privacy_policy
ACTIVIMPACT,https://www.activimpact.ai/privacy-policy?hsLang=en,activimpact,https://www.activimpact.ai/privacy-policy?hslang=en
AFFINITY ANSWERS,https://www.affinityanswers.com/privacy-policy-update/,affinityanswers,https://www.affinityanswers.com/privacy-policy-update/
PREQIN LIMITED,https://www.preqin.com/policies/privacy-policy,preqinlimited,https://www.preqin.com/policies/privacy-policy
DEEPTRACE,https://coresignal.com/privacy-policy/,deeptrace,https://coresignal.com/privacy-policy/
OPEN DEALER EXCHANGE,https://www.700credit.com/privacy-policy/,opendealerexchange,https://www.700credit.com/privacy-policy/
MELISSA DATA,https://www.melissa.com/privacy-policy,melissadata,https://www.melissa.com/privacy-policy
GALE,https://www.cengage.com/privacy,gale,https://www.cengage.com/privacy
INSTANT CHECKMATE,https://www.instantcheckmate.com/privacy-policy/,instantcheckmate,https://www.instantcheckmate.com/privacy-policy/
TRIPLELIFT,https://www.triplelift.com/user-rights-policy-and-opt-out/,triplelift,https://www.triplelift.com/user-rights-policy-and-opt-out/
HUNTER WEB SERVICES,https://hunter.io/privacy-policy,hunterwebservices,https://hunter.io/privacy-policy
DATABASEUSACOM,https://www.databaseusa.com/index.php/privacy-policy/,databaseusacom,https://www.databaseusa.com/index.php/privacy-policy/
COMMERCIAL REAL ESTATE EXCHANGE,https://www.crexi.com/privacy,commercialrealestateexchange,https://www.crexi.com/privacy
ON HOLDAMERICA,https://www.kycdata.com/privacy-policy-2/,onholdamerica,https://www.kycdata.com/privacy-policy-2/
INFOGROUP,https://www.data-axle.com/privacy-policy/,infogroup,https://www.data-axle.com/privacy-policy/
CITYDATA,https://www.citydata.ai/privacy/do_not_sell_personal_information/,citydata,https://www.citydata.ai/privacy/do_not_sell_personal_information/
LEAD ME MEDIA,https://policy.leadmemedia.com/PoliciesTermsConditions/privacypolicy.html,leadmemedia,https://policy.leadmemedia.com/policiestermsconditions/privacypolicy.html
DEMAND SCIENCE US,https://demandscience.com/privacy-policy/,demandscienceus,https://demandscience.com/privacy-policy/
AUDIENCE ACUITY,https://www.audienceacuity.com/privacy-policy/,audienceacuity,https://www.audienceacuity.com/privacy-policy/
MOGEAN,https://www.mogean.com/privacy-policy,mogean,https://www.mogean.com/privacy-policy
FIDEO INTELLIGENCE,https://www.fideo.ai/privacy/privacy-policy/,fideointelligence,https://www.fideo.ai/privacy/privacy-policy/
INCHECK,https://www.inchecksolutions.com/privacy-policy/,incheck,https://www.inchecksolutions.com/privacy-policy/
ADADAPTED,https://www.adadapted.com/legal/privacy-policy,adadapted,https://www.adadapted.com/legal/privacy-policy
MALVERN MEDIA,https://www.malvernmedia.com/privacy-policy,malvernmedia,https://www.malvernmedia.com/privacy-policy
KLARIFI,https://klarifi.io/privacy-policy,klarifi,https://klarifi.io/privacy-policy
GUIDESTAR DIRECT CORP,https://www.carneydirect.com/privacy-policy/,guidestardirectcorp,https://www.carneydirect.com/privacy-policy/
MCH STRATEGIC DATA,https://www.mchdata.com/about/privacy-policy,mchstrategicdata,https://www.mchdata.com/about/privacy-policy
VISITIQIO,https://visitiq.io/wp-content/uploads/2025/02/VisitIQ-Privacy-Policy-2025.pdf,visitiqio,https://visitiq.io/wp-content/uploads/2025/02/visitiq-privacy-policy-2025.pdf
DUSTIN BLACKMAN,https://www.leadquotesmedia.com/privacy-policy/,dustinblackman,https://www.leadquotesmedia.com/privacy-policy/
SNOVIO,https://www.snov.io/privacy-policy,snovio,https://www.snov.io/privacy-policy
TELESIGN,https://www.telesign.com/privacy-notice,telesign,https://www.telesign.com/privacy-notice
MEDPRO SYSTEMS,https://www.medprosystems.com/privacy-policy/,medprosystems,https://www.medprosystems.com/privacy-policy/
BV INSIGHTS,https://big-village.com/privacy-policy/,bvinsights,https://big-village.com/privacy-policy/
DIGITAL SAFETY PRODUCTS,https://www.spyfly.com/help-center/privacy,digitalsafetyproducts,https://www.spyfly.com/help-center/privacy
INTEGRATED DIRECT MARKETING,https://www.idm.us.com/do-not-sell-my-personal-information/,integrateddirectmarketing,https://www.idm.us.com/do-not-sell-my-personal-information/
UNEARTH CAMPAIGNS,https://www.unearthcampaigns.com/privacy-policy,unearthcampaigns,https://www.unearthcampaigns.com/privacy-policy
NATIVO,https://www.nativo.com/privacy-policy,nativo,https://www.nativo.com/privacy-policy
OWNERIQ,https://www.owneriq.com/privacy-notice.html,owneriq,https://www.owneriq.com/privacy-notice.html
NEW GOLD VENTURES,https://www.thinkdatagroup.com/privacy-policy,newgoldventures,https://www.thinkdatagroup.com/privacy-policy
5X5 US,https://www.join5x5.com/privacy-policy,5x5us,https://www.join5x5.com/privacy-policy
ANTERIAD,https://anteriad.com/privacy-policy,anteriad,https://anteriad.com/privacy-policy
LUNDQUIST CONSULTING,https://g2risksolutions.com/privacy-notice/,lundquistconsulting,https://g2risksolutions.com/privacy-notice/
QUALFON,https://www.qualfon.com/privacy-policy/,qualfon,https://www.qualfon.com/privacy-policy/
PROPERTY REACH LP,https://www.propertyreach.com/privacy,propertyreachlp,https://www.propertyreach.com/privacy
AD DIRECT,https://www.addirectinc.com/privacy.html,addirect,https://www.addirectinc.com/privacy.html
APPSCIENCE,https://appsci.io/privacy-policy,appscience,https://appsci.io/privacy-policy
WEALTHENGINE,https://wealthengine.com/privacy-policy,wealthengine,https://wealthengine.com/privacy-policy
USPEOPLESEARCHCOM,https://www.uspeoplesearch.com/purge-my-data/,uspeoplesearchcom,https://www.uspeoplesearch.com/purge-my-data/
4C INSIGHTS,https://www.mediaocean.com/privacy-policy,4cinsights,https://www.mediaocean.com/privacy-policy
POSSIBLENOW DATA SERVICES,https://www.possiblenow.com/privacy-statement,possiblenowdataservices,https://www.possiblenow.com/privacy-statement
MARKETOPS,https://marketops.com/privacy-policy/,marketops,https://marketops.com/privacy-policy/
JMR MEDIA CONSULTING,https://www.jmr-media.com/privacy,jmrmediaconsulting,https://www.jmr-media.com/privacy
INFINITE MEDIA CONCEPTS,https://www.mailinglists.com/about/privacy-policy/,infinitemediaconcepts,https://www.mailinglists.com/about/privacy-policy/
PEOPLEFINDERSDAAS,https://www.peoplefindersdaas.com/privacy-policy,peoplefindersdaas,https://www.peoplefindersdaas.com/privacy-policy
INFOCORE,https://infocore.com/privacy/,infocore,https://infocore.com/privacy/
PLEXUSS,https://www.plexuss.com/privacy-policy,plexuss,https://www.plexuss.com/privacy-policy
FINTHRIVE HEALTHCARE,https://www.finthrive.com/privacy-policy-overview?hsLang=en,finthrivehealthcare,https://www.finthrive.com/privacy-policy-overview?hslang=en
AFFINITY SOLUTIONS,https://www.affinity.solutions/data-privacy-notice/,affinitysolutions,https://www.affinity.solutions/data-privacy-notice/
RUNTIME COLLECTIVE,https://www.brandwatch.com/legal/user-privacy-policy/,runtimecollective,https://www.brandwatch.com/legal/user-privacy-policy/
HELIX CAMPAIGNS,https://helixcampaigns.com/privacy/,helixcampaigns,https://helixcampaigns.com/privacy/
ARITY 875,https://arity.com/privacy/,arity875,https://arity.com/privacy/
FIRST ORION CORP,https://www.firstorion.com/first-orion-global-privacy-and-compliance-dashboard/,firstorioncorp,https://www.firstorion.com/first-orion-global-privacy-and-compliance-dashboard/
ALTAIR DATA RESOURCES,https://www.altairdata.com/altair-privacy-policy/,altairdataresources,https://www.altairdata.com/altair-privacy-policy/
DATALINE,https://www.datalinedata.com/privacyportal/,dataline,https://www.datalinedata.com/privacyportal/
FRAISER,https://www.fraiser.org/privacy-policy,fraiser,https://www.fraiser.org/privacy-policy
VISTAR MEDIA,https://www.vistarmedia.com/privacy,vistarmedia,https://www.vistarmedia.com/privacy
DEMYST DATA LTD,https://www.demyst.com/privacy-policy,demystdataltd,https://www.demyst.com/privacy-policy
STACKADAPT,https://www.stackadapt.com/legal-document-centre/platform-and-services-privacy-policy,stackadapt,https://www.stackadapt.com/legal-document-centre/platform-and-services-privacy-policy
UNACAST,https://www.unacast.com/privacy-policy,unacast,https://www.unacast.com/privacy-policy
EFFYIS,https://www.socialgist.com/privacy-and-terms,effyis,https://www.socialgist.com/privacy-and-terms
TL1MKT SL SL,https://www.tl1mkt.com/privacy.html,tl1mktslsl,https://www.tl1mkt.com/privacy.html
MULTIMEDIA LISTS,https://www.multimedialists.com/privacy-policy,multimedialists,https://www.multimedialists.com/privacy-policy
WE INFORM,https://www.weinform.org/privacy.,weinform,https://www.weinform.org/privacy.
TRUEDATA SOLUTIONS,https://www.truedata.co/privacy-policy/,truedatasolutions,https://www.truedata.co/privacy-policy/
BB DIRECT,https://www.bbdirect.com/privacy.html,bbdirect,https://www.bbdirect.com/privacy.html
MODFX LABS PVT LTD,https://www.modfxlabs.com/privacy,modfxlabspvtltd,https://www.modfxlabs.com/privacy
DEEP ROOT ANALYTICS,https://www.deeprootanalytics.com/privacy-policy,deeprootanalytics,https://www.deeprootanalytics.com/privacy-policy
MR STRATEGIC SERVICES,https://www.mrss.com/privacy-policy/,mrstrategicservices,https://www.mrss.com/privacy-policy/
DATONICS,https://www.datonics.com/privacy/technology-privacy-policy,datonics,https://www.datonics.com/privacy/technology-privacy-policy
IQVIA DIGITAL,https://www.iqvia.com/about-us/privacy-policy,iqviadigital,https://www.iqvia.com/about-us/privacy-policy
EDVISORS NETWORK,https://www.edvisors.com/privacy-policy/,edvisorsnetwork,https://www.edvisors.com/privacy-policy/
ONLINE MEDIA GROUP,https://www.omginc.xyz/privacy,onlinemediagroup,https://www.omginc.xyz/privacy
MADHIVE,https://www.madhive.com/legal/privacy-policy,madhive,https://www.madhive.com/legal/privacy-policy
REIS,https://www.catylist.com/privacy/,reis,https://www.catylist.com/privacy/
DATA PARTNERS,https://www.datapartners.com/privacy-policy,datapartners,https://www.datapartners.com/privacy-policy
TMOBILE USA,https://www.t-mobile.com/privacy-center/our-practices/privacy-policy,tmobileusa,https://www.t-mobile.com/privacy-center/our-practices/privacy-policy
WEALTHX,https://wealthx.com/privacy-policy,wealthx,https://wealthx.com/privacy-policy
FIRST AMERICAN DATA TREE,https://www.firstam.com/privacy-policy/,firstamericandatatree,https://www.firstam.com/privacy-policy/
NEAR NORTH AMERICA,https://www.near.com/cookies,nearnorthamerica,https://www.near.com/cookies
SCANBUY,https://www.scanbuy.com/rights/data,scanbuy,https://www.scanbuy.com/rights/data
CATALIST,https://catalist.us/privacy-policy/,catalist,https://catalist.us/privacy-policy/
RAMPEDUP,https://www.rampedup.io/privacy-policy-1,rampedup,https://www.rampedup.io/privacy-policy-1
BEST PICK REPORTS,https://www.bestpickreports.com/content/privacy-policy,bestpickreports,https://www.bestpickreports.com/content/privacy-policy
CIVIS ANALYTICS,https://www.civisanalytics.com/privacy-policy/,civisanalytics,https://www.civisanalytics.com/privacy-policy/
WARMLY,https://www.warmly.ai/p/privacy-policy,warmly,https://www.warmly.ai/p/privacy-policy
CLAY LABS,https://www.clay.com/privacy,claylabs,https://www.clay.com/privacy
QUADRANT GLOBAL PTE LTD,https://www.quadrant.io/privacy-policy,quadrantglobalpteltd,https://www.quadrant.io/privacy-policy
VENNTEL,https://www.venntel.com/privacy-policy?hsLang=en,venntel,https://www.venntel.com/privacy-policy?hslang=en
VENDELUX,https://www.vendelux.com/privacy/,vendelux,https://www.vendelux.com/privacy/
EQUIMINE,https://www.propstream.com/privacy-policy,equimine,https://www.propstream.com/privacy-policy
NETWISE DATA,https://www.submit-irm.trustarc.eu/services/validation/ba81b98f-997d-4216-b4cc-d64cf261b082,netwisedata,https://www.submit-irm.trustarc.eu/services/validation/ba81b98f-997d-4216-b4cc-d64cf261b082
OUTWARD MEDIA,https://outwardmedia.com/privacypolicy,outwardmedia,https://outwardmedia.com/privacypolicy
VERASET,https://www.veraset.com/privacy-policy,veraset,https://www.veraset.com/privacy-policy
REMODELINGCOM,https://remodeling.com/privacy-policy/,remodelingcom,https://remodeling.com/privacy-policy/
ACCENTURE LLP,https://www.accenture.com/us-en/support/privacy-policy,accenturellp,https://www.accenture.com/us-en/support/privacy-policy
XAD,https://www.groundtruth.com/privacy-policy/,xad,https://www.groundtruth.com/privacy-policy/
ALPHONSO,https://lgads.tv/site-privacy-policy/,alphonso,https://lgads.tv/site-privacy-policy/
CORELOGIC SOLUTIONS,https://www.cotality.com/legal/privacy-policy,corelogicsolutions,https://www.cotality.com/legal/privacy-policy
GRIN TECHNOLOGIES,https://www.grin.co/privacy/,grintechnologies,https://www.grin.co/privacy/
INTELLICORP RECORDS,https://www.intellicorp.net/marketing/Privacy,intellicorprecords,https://www.intellicorp.net/marketing/privacy
PULSEPOINT,https://www.pulsepoint.com/legal/platform-privacy-policy,pulsepoint,https://www.pulsepoint.com/legal/platform-privacy-policy
QWOTED,https://app.qwoted.com/privacy_policy,qwoted,https://app.qwoted.com/privacy_policy
MARKET FORCE,https://www.marketforcecorp.com/privacy-policy/,marketforce,https://www.marketforcecorp.com/privacy-policy/
AUTOMATION RESEARCH,https://info.dataverify.com/privacy,automationresearch,https://info.dataverify.com/privacy
CIC MORTGAGE CREDIT,https://www.ciccredit.com/information-security-policy/,cicmortgagecredit,https://www.ciccredit.com/information-security-policy/
ZOOMINFO TECHNOLOGIES,https://www.zoominfo.com/legal/privacy-policy,zoominfotechnologies,https://www.zoominfo.com/legal/privacy-policy
PEOPLEWHIZ,https://www.peoplewhiz.com/remove-my-info,peoplewhiz,https://www.peoplewhiz.com/remove-my-info
SOVRN,https://www.sovrn.com/privacy-policy/privacy-policy/,sovrn,https://www.sovrn.com/privacy-policy/privacy-policy/
HEARTBEATAI,https://heartbeat.ai/policy,heartbeatai,https://heartbeat.ai/policy
SPEEDEON DATA,https://speedeondata.com/privacy-policy/,speedeondata,https://speedeondata.com/privacy-policy/
INSIGHTBRIDGE,https://www.mylife.com/privacy-policy,insightbridge,https://www.mylife.com/privacy-policy
NEXXEN,https://nexxen.com/privacy-policy/,nexxen,https://nexxen.com/privacy-policy/
DATA DECISIONS GROUP,https://www.datadecisionsgroup.com/privacy-policy/,datadecisionsgroup,https://www.datadecisionsgroup.com/privacy-policy/
HIVESTACK,https://www.hivestack.com/privacy-policy/,hivestack,https://www.hivestack.com/privacy-policy/
SWOOPCOM,https://www.swoop.com/privacy_notice,swoopcom,https://www.swoop.com/privacy_notice
LOTAME SOLUTIONS,https://www.lotame.com/privacy/,lotamesolutions,https://www.lotame.com/privacy/
THE ALESCO GROUP,https://www.alescodata.com/privacy-policy/,thealescogroup,https://www.alescodata.com/privacy-policy/
ALTISOURCE HOLDINGS,https://www.altisource.com/Privacy-Policy,altisourceholdings,https://www.altisource.com/privacy-policy
COMPILE,https://mckessoncompile.com/privacy-notice?hsLang=en,compile,https://mckessoncompile.com/privacy-notice?hslang=en
ONE MODEL,https://www.onemodel.co/privacy-policy,onemodel,https://www.onemodel.co/privacy-policy
NIELSEN MARKETING CLOUD,https://www.nielsen.com/legal/privacy-principles/website-privacy-statement/,nielsenmarketingcloud,https://www.nielsen.com/legal/privacy-principles/website-privacy-statement/
IQ DATA SYSTEMS,https://clients.backgroundsonline.com/policies/privacy,iqdatasystems,https://clients.backgroundsonline.com/policies/privacy
EMAIL MARKETING SERVICES,https://listmatch.com/privacy/privacy.php,emailmarketingservices,https://listmatch.com/privacy/privacy.php
LIST SERVICE DIRECT,https://listservicedirect.com/privacy-policy/,listservicedirect,https://listservicedirect.com/privacy-policy/
SHARETHROUGH,https://privacy-center.sharethrough.com,sharethrough,https://privacy-center.sharethrough.com
CROSSWALK TECHNOLOGIES,https://www.crosswalknyc.com/privacy-policy-1,crosswalktechnologies,https://www.crosswalknyc.com/privacy-policy-1
UPS CAPITAL,https://www.upscapital.com/privacy-notice/,upscapital,https://www.upscapital.com/privacy-notice/
SALUTARY DATA,https://www.salutarydata.com/privacy-policy/,salutarydata,https://www.salutarydata.com/privacy-policy/
NUWBER,https://www.nuwber.com/policy,nuwber,https://www.nuwber.com/policy
THE DATA GROUP,https://www.thedatagroup.com/california-consumer-privacy-act/,thedatagroup,https://www.thedatagroup.com/california-consumer-privacy-act/
CTAM LEADSHARE CORP,https://www.smartmove.us/company/privacy,ctamleadsharecorp,https://www.smartmove.us/company/privacy
RUF STRATEGIC SOLUTIONS,https://www.ruf.com/privacy-center/,rufstrategicsolutions,https://www.ruf.com/privacy-center/
LIGHTBOX PARENT LP,https://www.lightboxre.com/privacy-policy/,lightboxparentlp,https://www.lightboxre.com/privacy-policy/
KNOWLEDGE WORKS,https://www.equifax.com/privacy/,knowledgeworks,https://www.equifax.com/privacy/
RATEGAIN ADARA,https://adara.com/privacy-promise/,rategainadara,https://adara.com/privacy-promise/
CO2 VENTURES,https://oncoreleads.com/privacy-policy/,co2ventures,https://oncoreleads.com/privacy-policy/
STARTIO,https://www.start.io/policy/privacy-policy/,startio,https://www.start.io/policy/privacy-policy/
CAPPEXCOM,https://www.appily.com/privacy-policy,cappexcom,https://www.appily.com/privacy-policy
CRISIL IREVNA US,https://www.crisil.com/en/home/crisil-privacy-notice.html,crisilirevnaus,https://www.crisil.com/en/home/crisil-privacy-notice.html
FREEPEOPLESEARCHCOM,https://www.freepeoplesearch.com/privacy-policy/,freepeoplesearchcom,https://www.freepeoplesearch.com/privacy-policy/
MODIGIE,https://modigie.com/privacy-policy/,modigie,https://modigie.com/privacy-policy/
PRIVCO MEDIA,https://www.privco.com/privacy-policy,privcomedia,https://www.privco.com/privacy-policy
CAPTIFY TECHNOLOGIES,https://www.captifytechnologies.com/privacy-notice/,captifytechnologies,https://www.captifytechnologies.com/privacy-notice/
MARRIOTT INTERNATIONAL,https://www.marriott.com/about/your-privacy-rights.mi,marriottinternational,https://www.marriott.com/about/your-privacy-rights.mi
KNOWER TECH USA,https://knowertech.com/privacy-policy/,knowertechusa,https://knowertech.com/privacy-policy/
INBOUND INSIGHT,https://www.inboundinsight.com/privacy-policy/,inboundinsight,https://www.inboundinsight.com/privacy-policy/
INFUTOR DATA SOLUTIONS,https://infutor.com/privacy-policy,infutordatasolutions,https://infutor.com/privacy-policy
GROWBOTS,https://www.growbots.com/privacy/,growbots,https://www.growbots.com/privacy/
NARVAR,https://www.narvar.com/legal/privacy-policy,narvar,https://www.narvar.com/legal/privacy-policy
CLICKAGY,https://www.clickagy.com/privacy/,clickagy,https://www.clickagy.com/privacy/
DISCO TECHNOLOGY,https://www.disconetwork.com/privacy-policy,discotechnology,https://www.disconetwork.com/privacy-policy
ENFORMION,https://www.enformion.com/privacy-policy/,enformion,https://www.enformion.com/privacy-policy/
PAEDAE,https://www.infillion.com/legal/privacy-policy/,paedae,https://www.infillion.com/legal/privacy-policy/
KLOUDEND,https://www.ipapi.co/privacy/,kloudend,https://www.ipapi.co/privacy/
GETEMAILS,https://www.retention.com/article-update-privacy-policy,getemails,https://www.retention.com/article-update-privacy-policy
NFOCUS CONSULTING,https://www.n-focus.com/privacy-policy/,nfocusconsulting,https://www.n-focus.com/privacy-policy/
ELECTRONIC VOICE SERVICES,https://www.evs7.com/privacy-policy,electronicvoiceservices,https://www.evs7.com/privacy-policy
RESONATE,https://www.resonate.com/privacy-policy,resonate,https://www.resonate.com/privacy-policy
SOURCEIT TECHNOLOGIES,https://www.sourceitmarketing.com/privacy-policy/,sourceittechnologies,https://www.sourceitmarketing.com/privacy-policy/
SEMASIO GMBH,https://www.semasio.com/legal/semasio-privacy-policy,semasiogmbh,https://www.semasio.com/legal/semasio-privacy-policy
TERMINUS SOFTWARE,https://terminus.com/privacy-policy/,terminussoftware,https://terminus.com/privacy-policy/
QUALITY PLANNING,https://www.verisk.com/privacy-policies/,qualityplanning,https://www.verisk.com/privacy-policies/
COMMAND PRECISION,https://www.persistent.id/privacy-policy,commandprecision,https://www.persistent.id/privacy-policy
NATIONAL DATA ANALYTICS,https://www.publicdatacheck.com/help-center/privacy,nationaldataanalytics,https://www.publicdatacheck.com/help-center/privacy
SAFEGRAPH,https://www.safegraph.com/privacy-policy,safegraph,https://www.safegraph.com/privacy-policy
TUNNL,https://www.tunnldata.com/privacy-policy,tunnl,https://www.tunnldata.com/privacy-policy
FIFTY TECHNOLOGY LTD,https://www.fifty.io/privacy-policy,fiftytechnologyltd,https://www.fifty.io/privacy-policy
LEADSPACE,https://www.leadspace.com/privacy-notice/,leadspace,https://www.leadspace.com/privacy-notice/
ASTORIA COMPANY MARKETING,https://www.astoriacompany.com/privacy-policy/,astoriacompanymarketing,https://www.astoriacompany.com/privacy-policy/
FANSPOKO,https://www.fantasysportsknockout.com/info/privacy-policy/,fanspoko,https://www.fantasysportsknockout.com/info/privacy-policy/
COMPLETE MAILING LISTS,https://www.completemailinglists.com/privacy-policy,completemailinglists,https://www.completemailinglists.com/privacy-policy
TRUE BLUE ANALYTICS,https://www.trueblueanalytics.org/privacy-policy,trueblueanalytics,https://www.trueblueanalytics.org/privacy-policy
REALEFLOW,https://cdn.realeflow.com/privacy-policy.pdf,realeflow,https://cdn.realeflow.com/privacy-policy.pdf
DSTILLERY,https://www.dstillery.com/privacy-policy/,dstillery,https://www.dstillery.com/privacy-policy/
TRUTH NOW,https://www.checksecrets.com/privacy.,truthnow,https://www.checksecrets.com/privacy.
PARAMOUNT LISTS,https://www.paramountdirectmarketing.com/privacy-policy.php,paramountlists,https://www.paramountdirectmarketing.com/privacy-policy.php
RECRUITBOT,https://recruitbot.com/privacy-policy/,recruitbot,https://recruitbot.com/privacy-policy/
CARRY TECHNOLOGIES,https://www.hightouch.com/privacy-policy,carrytechnologies,https://www.hightouch.com/privacy-policy
RELATIONSHIP SCIENCE,https://relsci.com/privacy-policy,relationshipscience,https://relsci.com/privacy-policy
MIGHTYREP,https://mightyrep.com/privacy/,mightyrep,https://mightyrep.com/privacy/
WEALTHFEED,https://www.wealthfeed.com/privacy-policy/,wealthfeed,https://www.wealthfeed.com/privacy-policy/
INMARKET MEDIA,https://www.inmarket.com/privacy,inmarketmedia,https://www.inmarket.com/privacy
HOME CONTRACTORS REVIEW,https://www.fivestarrated.com/privacy-policy,homecontractorsreview,https://www.fivestarrated.com/privacy-policy
ASPIRE NORTH,https://www.americanspiritcorp.com/data-services-and-website-privacy-policy.html,aspirenorth,https://www.americanspiritcorp.com/data-services-and-website-privacy-policy.html
PATH2RESPONSE,https://path2response.com/privacy-policy/,path2response,https://path2response.com/privacy-policy/
VIANT TECHNOLOGY,https://www.viantinc.com/privacy-center/,vianttechnology,https://www.viantinc.com/privacy-center/
CISION US,https://www.cision.com/legal/privacy-policy/,cisionus,https://www.cision.com/legal/privacy-policy/
DIGITAL MEDIA SOLUTIONS,https://www.digitalmediasolutions.com/privacy-policy,digitalmediasolutions,https://www.digitalmediasolutions.com/privacy-policy
FORAGERAI,https://www.forager.ai/privacy-policy,foragerai,https://www.forager.ai/privacy-policy
SWARM HOLDINGS,https://www.theswarm.com/privacy,swarmholdings,https://www.theswarm.com/privacy
SHEERID,https://www.sheerid.com/global-privacy-policy/,sheerid,https://www.sheerid.com/global-privacy-policy/
SEARCHBUG,https://www.searchbug.com/privacy.aspx,searchbug,https://www.searchbug.com/privacy.aspx
MAXMIND,https://www.maxmind.com/en/privacy-policy,maxmind,https://www.maxmind.com/en/privacy-policy
JD POWER,https://www.jdpower.com/privacy,jdpower,https://www.jdpower.com/privacy
PREDICTIVE POP,https://www.audigent.com/privacypolicy,predictivepop,https://www.audigent.com/privacypolicy
DATA FACTS,https://www.datafacts.com/privacy-policy,datafacts,https://www.datafacts.com/privacy-policy
DELOITTE FINANCIAL ADVISORY SERVICES LLP,https://www2.deloitte.com/us/en/footerlinks1/privacy-index.html?icid=bottom_privacy-index,deloittefinancialadvisoryservicesllp,https://www2.deloitte.com/us/en/footerlinks1/privacy-index.html?icid=bottom_privacy-index
FOREWARN,https://www.forewarn.com/privacy-policy/,forewarn,https://www.forewarn.com/privacy-policy/
INTERACTIVE DATA,https://www.ididata.com/idis-privacy-statement/,interactivedata,https://www.ididata.com/idis-privacy-statement/
SAFERENT SOLUTIONS,https://saferentsolutions.com/privacy-policy-2/,saferentsolutions,https://saferentsolutions.com/privacy-policy-2/
DEALERSOCKET,https://dealersocket.com/privacy-policy/,dealersocket,https://dealersocket.com/privacy-policy/
JUN GROUP PRODUCTIONS,https://www.jungroup.com/optout,jungroupproductions,https://www.jungroup.com/optout
CONTEMPORARY INFORMATION CORP,https://www.cicreports.com/legal-and-privacy-policy/,contemporaryinformationcorp,https://www.cicreports.com/legal-and-privacy-policy/
NEXSALES SOLUTIONS,https://www.nexsales.com/privacy-policy.html,nexsalessolutions,https://www.nexsales.com/privacy-policy.html
THE NIELSEN COMPANY,https://www.nielsen.com/legal/privacy-principles/,thenielsencompany,https://www.nielsen.com/legal/privacy-principles/
LOOPME LIMITED,https://www.legal.loopme.com/privacy-center,loopmelimited,https://www.legal.loopme.com/privacy-center
HARMON RESEARCH GROUP,https://www.harmonresearch.com/privacy-policy,harmonresearchgroup,https://www.harmonresearch.com/privacy-policy
INFINITE KNOT,https://www.contacts411.com/privacy-policy,infiniteknot,https://www.contacts411.com/privacy-policy
MEDIANET ADVERTISING FZ,https://www.media.net/privacy-policy/,medianetadvertisingfz,https://www.media.net/privacy-policy/
MESSAGE DIGITAL,https://www.messagedigital.com/privacy-policy,messagedigital,https://www.messagedigital.com/privacy-policy
FINDEM,https://www.findem.ai/privacy-policy,findem,https://www.findem.ai/privacy-policy
VERSIUM ANALYTICS,https://versium.com/privacy-policy,versiumanalytics,https://versium.com/privacy-policy
SERVICE 1ST INFORMATION SOLUTIONS,https://www.srv1st.com/privacy-policy,service1stinformationsolutions,https://www.srv1st.com/privacy-policy
PUBMATIC,https://pubmatic.com/legal/privacy-policy,pubmatic,https://pubmatic.com/legal/privacy-policy
LIFESIGHT,https://lifesight.io/privacy-policy/,lifesight,https://lifesight.io/privacy-policy/
REVENUEBASE,https://revenuebase.ai/privacy-policy/,revenuebase,https://revenuebase.ai/privacy-policy/
WUNDERKIND,https://www.wunderkind.co/privacy/,wunderkind,https://www.wunderkind.co/privacy/
UNMASK,https://www.unmask.com/privacy-policy/,unmask,https://www.unmask.com/privacy-policy/
STATSOCIAL,https://www.statsocial.com/privacy-policy,statsocial,https://www.statsocial.com/privacy-policy
BOMBORA,https://bombora.com/privacy-policy/,bombora,https://bombora.com/privacy-policy/
FULLCONTACT,https://www.fullcontact.com/privacy/privacy-policy/,fullcontact,https://www.fullcontact.com/privacy/privacy-policy/
DATANYZE,https://www.datanyze.com/privacy-center,datanyze,https://www.datanyze.com/privacy-center
SBFE,https://www.sbfe.org/legal/privacy-policy,sbfe,https://www.sbfe.org/legal/privacy-policy
ALLOY,https://www.alloy.us/privacy-policy/,alloy,https://www.alloy.us/privacy-policy/
DEFINITIVE HEALTHCARE,https://www.definitivehc.com/privacy-center,definitivehealthcare,https://www.definitivehc.com/privacy-center
STEPPINGBLOCKS,https://www.steppingblocks.com/privacy-policy,steppingblocks,https://www.steppingblocks.com/privacy-policy
SPOKEO,https://www.spokeo.com/privacy-policy,spokeo,https://www.spokeo.com/privacy-policy
VEEVA SYSTEMS,https://www.veeva.com/privacy/,veevasystems,https://www.veeva.com/privacy/
CADENT,https://cadent.tv/website-privacy-policy/,cadent,https://cadent.tv/website-privacy-policy/
FREEWHEEL MEDIA,https://www.freewheel.com/privacy-policy,freewheelmedia,https://www.freewheel.com/privacy-policy
PRECISELY SOFTWARE INCORPORATED,https://www.precisely.com/legal/privacy-notices,preciselysoftwareincorporated,https://www.precisely.com/legal/privacy-notices
TALX,https://www.equifax.com/privacy,talx,https://www.equifax.com/privacy
EQUATION CONSULTING,https://finthrive.com/privacy-policy-overview?hsLang=en#main,equationconsulting,https://finthrive.com/privacy-policy-overview?hslang=en#main
MODERNIZE,https://modernize.com/privacy,modernize,https://modernize.com/privacy
MONOCL,https://www.monocl.com/privacy/expert-privacy-policy/,monocl,https://www.monocl.com/privacy/expert-privacy-policy/
SPY DIALER LABS,https://www.spydialer.com/Privacy.aspx,spydialerlabs,https://www.spydialer.com/privacy.aspx
FAIR SCREEN,https://fairscreen.com/privacy-policy/,fairscreen,https://fairscreen.com/privacy-policy/
4EYESAI,https://4-eyes.ai/privacy-policy/,4eyesai,https://4-eyes.ai/privacy-policy/
THE LEAD COMPANY,https://www.lead.co/privacy/,theleadcompany,https://www.lead.co/privacy/
SOURCESCRUB,https://www.sourcescrub.com/legal/privacy-policy,sourcescrub,https://www.sourcescrub.com/legal/privacy-policy
CARCO GROUP,https://www.cisive.com/legal-pages/privacy-and-cookies-policy,carcogroup,https://www.cisive.com/legal-pages/privacy-and-cookies-policy
NC VNETURES,https://ncsolutions.com/website-privacy-policy/,ncvnetures,https://ncsolutions.com/website-privacy-policy/
REVCONTENT,https://www.revcontent.com/policy/privacy-policy#residents-of-the-state-of-california,revcontent,https://www.revcontent.com/policy/privacy-policy#residents-of-the-state-of-california
APOLLO INTERACTIVE,https://www.apollointeractive.com/privacy-policy.php,apollointeractive,https://www.apollointeractive.com/privacy-policy.php
ALIKEAUDIENCE,https://www.alikeaudience.com/privacy-policy/,alikeaudience,https://www.alikeaudience.com/privacy-policy/
EMERGESCOM,https://www.emerges.com/Privacy-Policy_ep_42-1.html,emergescom,https://www.emerges.com/privacy-policy_ep_42-1.html
CONSIDER,https://consider.com/legal/privacy,consider,https://consider.com/legal/privacy
AGR MARKETING SOLUTIONS,https://www.agrmarketingsolutions.com/privacy-policy,agrmarketingsolutions,https://www.agrmarketingsolutions.com/privacy-policy
TARGETSMART COMMUNICATIONS,https://targetsmart.com/privacy-policy/,targetsmartcommunications,https://targetsmart.com/privacy-policy/
FOCUS USA,https://www.focus-usa.com/privacy-policy/,focususa,https://www.focus-usa.com/privacy-policy/
REDIDATA,https://www.redidata.com/privacy-policy/,redidata,https://www.redidata.com/privacy-policy/
MEDIAWALLAH,https://mediawallah.com/privacy-policy/,mediawallah,https://mediawallah.com/privacy-policy/
INFOMATICS,https://www.privatereports.com/optOut/name/landing,infomatics,https://www.privatereports.com/optout/name/landing
NOVA LIST COMPANY,https://www.novalist.com/privacy-policy,novalistcompany,https://www.novalist.com/privacy-policy
MOBILEWALLA,https://www.mobilewalla.com/privacy_center,mobilewalla,https://www.mobilewalla.com/privacy_center
RENT RISK,https://rentrisk.com/privacy-policy/,rentrisk,https://rentrisk.com/privacy-policy/
CONVEX LABS,https://www.convex.com/privacy-policy/,convexlabs,https://www.convex.com/privacy-policy/
AWL HOLDINGS,https://awl.com/privacy/,awlholdings,https://awl.com/privacy/
PUBLICNSA,https://bigdbm.com/privacy-policy/,publicnsa,https://bigdbm.com/privacy-policy/
COMPLEMENTICS,https://www.complementics.com/privacy,complementics,https://www.complementics.com/privacy
WEST PUBLISHING,https://www.thomsonreuters.com/en/privacy-statement,westpublishing,https://www.thomsonreuters.com/en/privacy-statement
SAGESTREAM,https://risk.lexisnexis.com/privacy-policy,sagestream,https://risk.lexisnexis.com/privacy-policy
AZIRA,https://azira.com/privacy-policy/,azira,https://azira.com/privacy-policy/
ACUTRAQ BACKGROUND SCREENING,https://www.acutraq.com/privacy-policy/,acutraqbackgroundscreening,https://www.acutraq.com/privacy-policy/
DATAFY,https://www.datafy.com/privacy-policy,datafy,https://www.datafy.com/privacy-policy
AMERILIST,https://www.amerilist.com/privacypolicy,amerilist,https://www.amerilist.com/privacypolicy
REGULATORY DATACORP,https://www.moodys.com/privatepolicy.aspx?lang=en&cy=global,regulatorydatacorp,https://www.moodys.com/privatepolicy.aspx?lang=en&cy=global
MEDIAZOD,https://www.leadzod.com/privacy-policy,mediazod,https://www.leadzod.com/privacy-policy
DT CLIENT SERVICES,https://thedatatrust.com/privacy-policy/,dtclientservices,https://thedatatrust.com/privacy-policy/
FACTUAL DATA,https://www.factualdata.com/privacy/privacy-policy,factualdata,https://www.factualdata.com/privacy/privacy-policy
ASSURANCE IQ,https://assurance.com/assurance-privacy-practices.html#TopPrivacyPolicy,assuranceiq,https://assurance.com/assurance-privacy-practices.html#topprivacypolicy
LEADERSHIP CONNECT,https://www.leadershipconnect.io/privacy-portal/,leadershipconnect,https://www.leadershipconnect.io/privacy-portal/
INNOVATIVE DATABASE SOLUTIONS,https://www.idatabasesolutions.com/privacy/,innovativedatabasesolutions,https://www.idatabasesolutions.com/privacy/
GREAT LAKES LIST,https://www.greatlakeslists.com/privacy-policy,greatlakeslist,https://www.greatlakeslists.com/privacy-policy
PREDACTIV,https://www.predactiv.com/privacy,predactiv,https://www.predactiv.com/privacy
POLITY,https://www.polityinc.com/legal/privacy-policy,polity,https://www.polityinc.com/legal/privacy-policy
ZIPSTORM,https://www.seekout.com/privacy,zipstorm,https://www.seekout.com/privacy
HOMEOWNERS MARKETING SERVICES,https://homeownersmarketingservices.com/privacy-policy/,homeownersmarketingservices,https://homeownersmarketingservices.com/privacy-policy/
ENDGAME LABS,https://www.endgame.io/privacy,endgamelabs,https://www.endgame.io/privacy
DATAX LTD,https://www.dataxltd.com/privacy-policy/,dataxltd,https://www.dataxltd.com/privacy-policy/
STATARA SOLUTIONS,https://statara.com/privacy-policy/,statarasolutions,https://statara.com/privacy-policy/
NATIONAL CONSUMER TELECOM UTILITIES EXCHANGE,https://nctue.com/privacy-policy/,nationalconsumertelecomutilitiesexchange,https://nctue.com/privacy-policy/
QUADGRAPHICS,https://www.quad.com/legal/privacy-policy,quadgraphics,https://www.quad.com/legal/privacy-policy
CBCINNOVIS,https://www.cbcinnovis.com/privacy/,cbcinnovis,https://www.cbcinnovis.com/privacy/
SUBDIRECT,https://www.360mediadirect.com/privacy-policy,subdirect,https://www.360mediadirect.com/privacy-policy
MISSISSIPPI TORNADO ALLEY,https://www.zendesk.com/company/agreements-and-terms/privacy-notice/,mississippitornadoalley,https://www.zendesk.com/company/agreements-and-terms/privacy-notice/
33 MILE RADIUS,https://www.33mileradius.com/privacy-policy/,33mileradius,https://www.33mileradius.com/privacy-policy/
V12,https://www.v12data.com/privacy-policy/,v12,https://www.v12data.com/privacy-policy/
STRATA COMPANY,https://www.gostrata.com/privacy-policy,stratacompany,https://www.gostrata.com/privacy-policy
BLIS GLOBAL LTD,https://www.blis.com/privacy-centre/,blisgloballtd,https://www.blis.com/privacy-centre/
EPSILON DATA MANAGEMENT,https://legal.epsilon.com/global-privacy-policies/,epsilondatamanagement,https://legal.epsilon.com/global-privacy-policies/
ALLIANT COOPERATIVE DATA SOLUTIONS,https://alliantinsight.com/alliant-privacy-policy/,alliantcooperativedatasolutions,https://alliantinsight.com/alliant-privacy-policy/
RICH MEDIA,https://richmediallc.com/privacy-policy/,richmedia,https://richmediallc.com/privacy-policy/
OPENSEND,https://www.opensend.com/privacy-policy,opensend,https://www.opensend.com/privacy-policy
PMG WORLDWIDE,https://www.pmg.com/privacy-policy,pmgworldwide,https://www.pmg.com/privacy-policy
MAGNITE,https://www.magnite.com/legal/magnite-website-privacy-policy/,magnite,https://www.magnite.com/legal/magnite-website-privacy-policy/
BUSINESSCOM,https://www.business.com/privacy-policy/,businesscom,https://www.business.com/privacy-policy/
LEADLOFT,https://www.leadloft.com/user-agreements/privacy-policy,leadloft,https://www.leadloft.com/user-agreements/privacy-policy
STUART MCNAIR,https://www.fusable.com/legal/website-terms-and-privacy-notice,stuartmcnair,https://www.fusable.com/legal/website-terms-and-privacy-notice
LEXISNEXIS RISK SOLUTIONS,https://www.lexisnexis.com/en-us/terms/privacy-policy.page,lexisnexisrisksolutions,https://www.lexisnexis.com/en-us/terms/privacy-policy.page
FRESHADDRESS,https://www.freshaddress.com/privacy-policy/,freshaddress,https://www.freshaddress.com/privacy-policy/
ACUANT,https://www.acuant.com/en/privacy-policy/,acuant,https://www.acuant.com/en/privacy-policy/
JDM LIST SERVICES,https://www.jdmlistservices.com/privacy-policy,jdmlistservices,https://www.jdmlistservices.com/privacy-policy
TSG HOLDCO,https://www.finthrive.com/privacy-policy,tsgholdco,https://www.finthrive.com/privacy-policy
MILESTONE MARKETING SOLUTIONS,https://www.milestonemarketingsolutions.com/privacy-policy,milestonemarketingsolutions,https://www.milestonemarketingsolutions.com/privacy-policy
I360,https://www.i-360.com/privacy-policy/,i360,https://www.i-360.com/privacy-policy/
DECIDE TECHNOLOGIES,https://www.decide.co/privacy,decidetechnologies,https://www.decide.co/privacy
YOUVISIT,https://eab.com/privacy-policy/,youvisit,https://eab.com/privacy-policy/
REAL INTENT,https://www.realintent.co/privacy-policy,realintent,https://www.realintent.co/privacy-policy
WILAND,https://wiland.com/privacy-policies/,wiland,https://wiland.com/privacy-policies/
REVELIO LABS,https://www.reveliolabs.com/privacy/,reveliolabs,https://www.reveliolabs.com/privacy/
FUSHIA MEDIA,https://www.fushiamedia.com/privacy,fushiamedia,https://www.fushiamedia.com/privacy
SUMMIT RESOURCES,https://clientcommand.com/client-command-privacy-notice/,summitresources,https://clientcommand.com/client-command-privacy-notice/
STRATMISH,https://www.spoker.com/PrivacyPolicy.aspx,stratmish,https://www.spoker.com/privacypolicy.aspx
DUN BRADSTREET,https://www.dnb.com/utility-pages/privacy-policy.html,dunbradstreet,https://www.dnb.com/utility-pages/privacy-policy.html
PWC PRODUCT SALES,https://www.pwc.com/us/en/site/privacy.html,pwcproductsales,https://www.pwc.com/us/en/site/privacy.html
ROOFTOP DIGITAL,https://www.therooftop.io/privacy-policy/,rooftopdigital,https://www.therooftop.io/privacy-policy/
AUDIENCERATE LTD,https://www.audiencerate.com/privacy,audiencerateltd,https://www.audiencerate.com/privacy
PURECARS TECHNOLOGIES,https://www.purecars.com/privacy-policy,purecarstechnologies,https://www.purecars.com/privacy-policy
STIRISTA,https://www.stirista.com/privacy-policy,stirista,https://www.stirista.com/privacy-policy
GREENHOUSE SOFTWARE,https://www.greenhouse.com/privacy-policy,greenhousesoftware,https://www.greenhouse.com/privacy-policy
ADVANTAGE CREDIT,https://www.advcredit.com/privacy-policy-2/,advantagecredit,https://www.advcredit.com/privacy-policy-2/
J2 MARTECH CORP,https://www.ziffdavis.com/privacy,j2martechcorp,https://www.ziffdavis.com/privacy
POSTPILOT,https://www.postpilot.com/privacy-policy,postpilot,https://www.postpilot.com/privacy-policy
DATASYS GROUP,https://www.datasys.com/privacy-policy,datasysgroup,https://www.datasys.com/privacy-policy
IDOLOGY,https://www.idology.com/en/privacy-policy/,idology,https://www.idology.com/en/privacy-policy/
DYNATA,https://www.dynata.com/privacy-policy/,dynata,https://www.dynata.com/privacy-policy/
MH SUB I,https://www.internetbrands.com/privacy/privacy-main,mhsubi,https://www.internetbrands.com/privacy/privacy-main
NEXXA GROUP,https://www.nexxagroup.com/corporate-overview/privacy-policy/,nexxagroup,https://www.nexxagroup.com/corporate-overview/privacy-policy/
REFINITIV US,https://www.refinitiv.com/en/policies/privacy-statement,refinitivus,https://www.refinitiv.com/en/policies/privacy-statement
LEIDOS DIGITAL SOLUTIONS,https://leidosiq.com/privacy-statement/,leidosdigitalsolutions,https://leidosiq.com/privacy-statement/
IQVIA,https://www.iqvia.com/about-us/privacy/privacy-policy,iqvia,https://www.iqvia.com/about-us/privacy/privacy-policy
COMPLETE MEDICAL LISTS,https://www.completemedicallists.com/privacy.php,completemedicallists,https://www.completemedicallists.com/privacy.php
CARDLYTICS,https://www.bridg.com/privacy-policy,cardlytics,https://www.bridg.com/privacy-policy
MATCHBOOK DATA,https://www.matchbookdata.com/privacy-policy/,matchbookdata,https://www.matchbookdata.com/privacy-policy/
BRIGHTCHECK,https://www.brightcheck.com/privacy-policy,brightcheck,https://www.brightcheck.com/privacy-policy
POSTIE,https://postie.com/privacy-policy/,postie,https://postie.com/privacy-policy/
KONTEXT DATA,https://www.kontextdata.com/privacy,kontextdata,https://www.kontextdata.com/privacy
EXPONENTIAL INTERACTIVE,https://www.vdx.tv/policies/privacy,exponentialinteractive,https://www.vdx.tv/policies/privacy
PRODPRO,https://app.prodpro.com/privacy-policy,prodpro,https://app.prodpro.com/privacy-policy
CLEARVIEW AI,https://www.clearview.ai/privacy-policy,clearviewai,https://www.clearview.ai/privacy-policy
V12 PRIVACY,https://porchgroupmedia.com/privacy-policy/,v12privacy,https://porchgroupmedia.com/privacy-policy/
ADSQUARE GMBH,https://adsquare.com/privacy/,adsquaregmbh,https://adsquare.com/privacy/
BEENVERIFIED,https://www.beenverified.com/faq/privacy/,beenverified,https://www.beenverified.com/faq/privacy/
CDK GLOBAL,https://www.cdkglobal.com/privacy-policy,cdkglobal,https://www.cdkglobal.com/privacy-policy
HUBSPOT,https://legal.hubspot.com/privacy-policy,hubspot,https://legal.hubspot.com/privacy-policy
OWNCO,https://www.monitorbase.com/privacy-policy,ownco,https://www.monitorbase.com/privacy-policy
CATALINA MARKETING,https://www.catalina.com/legal#privacy-notice,catalinamarketing,https://www.catalina.com/legal#privacy-notice
