Name,PrivacyPolicyURL
01advertising,https://www.01advertising.com/legal/privacy/
33mileradius,https://www.33mileradius.com/privacy-policy/
33across,https://www.33across.com/privacy-policy/ccpa-notice/
4cinsights,https://www.mediaocean.com/privacy-policy
4eyesai,https://4-eyes.ai/privacy-policy/
5x5us,https://join5x5.com/privacy-policy
6senseinsights,https://6sense.com/privacy-policy/
abovedata,https://www.abovedata.io/privacy-policy/
accenturellp,https://www.accenture.com/content/acom/us-en/support/privacy-policy
accurateappend,https://accurateappend.com/privacy-policy/
acronymix,https://acronymix.com/privacy-policy/
activeintelinvestigations,https://www.activeintel.com/terms-conditions-copy/
activimpact,https://www.activimpact.ai/privacy-policy?hslang=en
acuant,https://www.acuant.com/en/privacy-policy/
acutraqbackgroundscreening,https://www.acutraq.com/privacy-policy/
acxiom,https://www.acxiom.com/privacy/
addirect,https://www.addirectinc.com/privacy.html
adadapted,https://www.adadapted.com/legal/privacy-policy
addressclearinghouse,https://www.achcoop.com/privacy-policy
adeptid,https://www.adept-id.com/privacy-policy/
adsquaregmbh,https://adsquare.com/privacy/
advantagecredit,https://www.advcredit.com/privacy-policy-2/
advantagesalesmarketing,https://take5mg.com/privacypolicy-ca-residents-notice/
advertise4sales,https://www.4legalleads.com/lawyer-faq/#lp-pom-block-926
advisortarget,https://www.finsum.com/index.php/what-we-do/privacy-policy
affinityanswers,https://www.affinityanswers.com/privacy-policy-update/
affinitysolutions,https://www.affinity.solutions/data-privacy-notice/
agrmarketingsolutions,https://www.agrmarketingsolutions.com/privacy-policy
aidentified,https://www.aidentified.com/privacy-policy
aisportfolioservices,https://www.aisinfo.com/privacy?hslang=en
aisrecoverysolutions,https://aisrecovery.com/privacy-policy/
alc,https://adstradata.com/privacy-policy/
alikeaudience,https://www.alikeaudience.com/privacy-policy/
allgoodmedia,https://www.attribits.com/privacy-policy
alliantcooperativedatasolutions,https://alliantinsight.com/alliant-privacy-policy/
alloy,https://www.alloy.us/privacy-policy/
alphonso,https://lgads.tv/site-privacy-policy/
altairdataresources,https://www.altairdata.com/altair-privacy-policy/
altisourceholdings,https://www.altisource.com/privacy-policy
americancitybusinessjournals,https://www.acbj.com/privacy
amerilist,https://www.amerilist.com/privacypolicy
amrent,https://www.amrent.com/privacy_policy.html
analyticsiq,https://www.analytics-iq.com/privacy-policy/
andrewswharton,https://www.andrewswharton.com/privacy
annelewisstrategies,https://missionwired.com/privacy-policy/
anteriad,https://anteriad.com/privacy-policy
apihub,https://www.clearbit.com/privacy-policy
apollointeractive,https://www.apollointeractive.com/privacy-policy.php
appscience,https://appsci.io/privacy-policy
aristotleinternational,https://www.aristotle.com/privacy/
arity875,https://arity.com/privacy/
aspirenorth,https://www.americanspiritcorp.com/data-services-and-website-privacy-policy.html
assuranceiq,https://assurance.com/assurance-privacy-practices.html#topprivacypolicy
astoriacompanymarketing,https://www.astoriacompany.com/privacy-policy/
atdata,https://www.atdata.com/privacy-policy/
atlanticfoxtechnologies,https://www.atlanticfox.com/privacy-policy/
attomdatasolutions,https://www.attomdata.com/privacy/
audienceacuity,https://audienceacuity.com/privacy-policy/
audiencerateltd,https://www.audiencerate.com/privacy
automationresearch,https://info.dataverify.com/privacy
automotivemastermind,https://www.automotivemastermind.com/privacy-policy
autoweb,https://www.autoweb.com/privacy
awlholdings,https://awl.com/privacy/
azerionus,https://www.azerion.com/azerion-global-corporate-privacy-notice/
azira,https://azira.com/privacy-policy/
backgroundinformationservices,https://www.bisi.com/?pg=privacy
backgroundcheckscom,https://www.backgroundchecks.com/privacy-policy
bbdirect,https://www.bbdirect.com/privacy.html
bdex,https://www.bdex.com/privacy-policy
bdogci,https://www.bdo.com/privacy-policy
bdousallp,https://www.bdo.com/website-terms-and-conditions
beenverified,https://www.beenverified.com/faq/privacy/
beeswax,https://www.beeswax.com/privacy/
belardiostroyalc,https://www.belardiwong.com/privacy-policy
bestpickreports,https://www.bestpickreports.com/content/privacy-policy
biointelli,https://www.biointelli.com/account/privacypolicy
birchwoodcreditservices,https://www.birchwoodcreditservices.com/privacy-policy/
biscred,https://www.biscred.com/privacy-policy
blackpearlgrouplimited,https://www.blackpearl.com/privacy-policy
blackbaud,https://www.blackbaud.com/company/privacy-policy/north-america
blisgloballtd,https://www.blis.com/privacy-centre/
blueaction,https://www.blueaction.io/privacy
bluehillmarketingsolutions,https://www.liftengine.com/privacy-policy/
boardex,https://boardex.com/privacy-policy
boardroominsiders,https://boardroominsiders.com/privacy-policy
bombora,https://bombora.com/privacy-policy/
bookyourdata,https://www.bookyourdata.com/privacy-policy
brightcheck,https://www.brightcheck.com/privacy-policy
brooksintegratedmarketing,https://www.brooksim.com/privacy-policy
btrsholdings,https://www.billtrust.com/legal/privacy-policy
buildertrendsolutions,https://www.buildertrend.com/additional-state-disclosures/
businesscom,https://www.business.com/privacy-policy/
buxtoncompany,https://www.buxtonco.com/privacy-policy
buyerlink,https://www.buyerlink.com/privacy
bvinsights,https://big-village.com/privacy-policy/
cadent,https://cadent.tv/privacy-policy
cappexcom,https://www.appily.com/privacy-policy
captifytechnologies,https://www.captifytechnologies.com/privacy-notice/
carcogroup,https://www.cisive.com/legal-pages/privacy-and-cookies-policy
cardlytics,https://www.bridg.com/privacy-policy
carrytechnologies,https://www.hightouch.com/privacy-policy
catalina,https://www.catalina.com/privacy-policy/
catalinamarketing,https://www.catalina.com/legal#privacy-notice
catalist,https://catalist.us/privacy-policy/
catalyzeai,https://www.catalyzeai.com/privacy-policy
cbcinnovis,https://www.cbcinnovis.com/privacy/
cdkglobal,https://www.cdkglobal.com/privacy-policy
cengagelearning,https://www.cengagegroup.com/privacy/
censia,https://www.censia.com/privacy-policy/
checkpeople,https://www.checkpeople.com/do-not-sell-info
choreographllp,https://www.choreograph.com/global-privacy-policy/global-privacy-policy-english
cicmortgagecredit,https://www.ciccredit.com/information-security-policy/
cisionus,https://www.cision.com/legal/privacy-policy/
citydata,https://www.citydata.ai/privacy/do_not_sell_personal_information/
civildataresearch,https://www.searchpublicrecords.com/help-center/privacy
civisanalytics,https://www.civisanalytics.com/privacy-policy/
civitech,https://www.civitech.io/privacy-policy/
claritas,https://www.claritas.com/privacy-legal/
clarityservices,https://www.clarityservices.com/privacy-policy/
claylabs,https://www.clay.com/privacy
clearcompany,https://www.clearcompany.com/privacy-policy/
clearviewai,https://www.clearview.ai/privacy-policy
clickagy,https://www.clickagy.com/privacy/
co2ventures,https://oncoreleads.com/privacy-policy/
cognism,https://www.cognism.com/privacy-policy
commandprecision,https://www.persistent.id/privacy-policy
commercialrealestateexchange,https://www.crexi.com/privacy
compile,https://mckessoncompile.com/privacy-notice?hslang=en
complementics,https://www.complementics.com/privacy
completemailinglists,https://www.completemailinglists.com/privacy-policy
completemedicallists,https://www.completemedicallists.com/privacy.php
comscore,https://www.comscore.com/about/privacy-policy
connectedinvestors,https://connectedinvestors.com/privacy-policy
connextdigital,https://www.connextdigital.com/privacy-policy/
consider,https://consider.com/legal/privacy
contactout,https://contactout.com/privacy
contemporaryinformationcorp,https://www.cicreports.com/legal-and-privacy-policy/
convergedirect,https://www.convergedirect.com/compliance
convexlabs,https://www.convex.com/privacy-policy/
corelogicsolutions,https://www.cotality.com/legal/privacy-policy
costargroup,https://www.costar.com/about/privacy-notice
crawlbeecorp,https://www.crawlbee.com/optout
creditbureauofcouncilbluffs,https://www.creditinfosystems.com/privacy-policy/
crisilirevnaus,https://www.crisil.com/en/home/crisil-privacy-notice.html
crisilirvenaus,https://www.crisil.com/content/crisilcom/en/home/crisil-privacy-notice.html
crosspixelmedia,https://www.crosspixel.net/privacy-policy/
crosswalktechnologies,https://www.crosswalknyc.com/privacy-policy-1
ctamleadsharecorp,https://www.smartmove.us/company/privacy
cuebiqgroup,https://www.cuebiq.com/privacypolicy/
cybba,https://www.cybba.com/privacy-policy/
datadecisionsgroup,https://www.datadecisionsgroup.com/privacy-policy/
datafacts,https://www.datafacts.com/privacy-policy
datapartners,https://www.datapartners.com/privacy-policy
datapluscontent,https://www.datapluscontent.com/privacy-policy
databaseusacom,https://www.databaseusa.com/index.php/privacy-policy/
datadelivers,https://datadelivers.com/privacy-policy/
datafy,https://www.datafy.com/privacy-policy
dataline,https://www.datalinedata.com/privacyportal/
datamail,https://www.data-management.com/privacy-policy
datamentors,https://www.porchgroupmedia.com/privacy-policy/
datanyze,https://www.datanyze.com/privacy-center
datasysgroup,https://www.datasys.com/privacy-policy
dataxltd,https://www.dataxltd.com/privacy-policy/
datonics,https://www.datonics.com/privacy/technology-privacy-policy
dealerdirect,https://www.forddirect.com/privacy
dealersocket,https://dealersocket.com/privacy-policy/
dealerxpartners,https://dealerx.com/privacy-policy/
decidetechnologies,https://www.decide.co/privacy
decisionlinks,https://www.decisionlinks.com/privacy-policy
deeprootanalytics,https://www.deeprootanalytics.com/privacy-policy
deeptrace,https://coresignal.com/privacy-policy/
definitivehealthcare,https://www.definitivehc.com/privacy-center
deloittefinancialadvisoryservicesllp,https://www2.deloitte.com/us/en/legal/privacy.html
deluxe,https://www.deluxe.com/policy/privacy/
demandscienceus,https://demandscience.com/privacy-policy/
demandbase,https://www.demandbase.com/privacy-center.html?ketch_preferences_tab=rightstab
demystdataltd,https://www.demyst.com/privacy-policy
diablomedia,https://www.diablomedia.com/privacy/
dicecareersolutions,https://www.dice.com/about/privacy-policy
digicenter,https://www.collectivedata.io/website-visitor-privacy-policy/
digitalmediasolutions,https://www.digitalmediasolutions.com/privacy-policy
digitalsafetyproducts,https://www.spyfly.com/help-center/privacy
digitalsegment,https://www.digitalsegment.com/about/privacy-policy/
digitalvikingmedia,https://www.digitalvikingmedia.com/privacy-policy
discotechnology,https://www.disconetwork.com/privacy-policy
disqus,https://www.disqus.com/privacy
dspolitical,https://www.winwithoptimal.com/privacy-policy/
dstillery,https://www.dstillery.com/privacy-policy/
dtclientservices,https://www.thedatatrust.com/privacy-policy/
dtn,https://www.dtn.com/privacy-and-cookies/
dunbradstreet,https://www.dnb.com/utility-pages/privacy-policy.html
dustinblackman,https://www.leadquotesmedia.com/privacy-policy/
dynata,https://www.dynata.com/privacy-policy/
economicmodeling,https://www.lightcast.io/privacy-policy#privacy-policy
edvisorsnetwork,https://www.edvisors.com/privacy-policy/
effyis,https://www.socialgist.com/privacy-and-terms
ekata,https://www.ekata.com/privacy-policy/
eltorocom,https://www.eltoro.com/your-privacy-choices/
electronicvoiceservices,https://www.telephonelists.biz/privacy-policy-of-telephonelists-biz
emailmarketingservices,https://listmatch.com/privacy/privacy.php
emailmoversltd,https://emailmovers.com/privacy-policy/
emergescom,https://www.emerges.com/privacy-policy_ep_42-1.html
endgamelabs,https://www.endgame.io/privacy
enformion,https://www.enformion.com/privacy-policy/
enigmatechnologies,https://enigma.com/company/privacy-policy
eprodirect,https://www.eprodirect.com/privacy-policy/
epsilondatamanagement,https://legal.epsilon.com/global-privacy-policies/
equationconsulting,https://finthrive.com/privacy-policy-overview?hslang=en#main
equimine,https://www.propstream.com/privacy-policy
erepublic,https://www.erepublic.com/privacy/
evorraltd,https://www.evorra.com/privacy-data-policies/product-privacy-policy/
exactopco,https://www.remodelyourhome.com/policy.html
experianmarketingsolutions,https://www.experian.com/privacy/us-consumer-data-privacy-policy
explorium,https://www.explorium.ai/privacy-policy/
exponentialinteractive,https://www.vdx.tv/policies/privacy
eyeotapteltd,https://www.eyeota.com/privacy-center
factualdata,https://www.factualdata.com/privacy/privacy-policy
fairscreen,https://fairscreen.com/privacy-policy/
familytreenow,https://www.familytreenow.com/privacy
famousbirthdays,https://www.famousbirthdays.com/privacy/
fanspoko,https://www.fantasysportsknockout.com/info/privacy-policy/
faraday,https://www.faraday.io/legal
fdholdings,https://www.factualdata.com/privacy/
fideointelligence,https://www.fideo.ai/privacy/privacy-policy/
fiftytechnologyltd,https://www.fifty.io/privacy-policy
findem,https://www.findem.ai/privacy-policy
finthrivehealthcare,https://www.finthrive.com/privacy-policy-overview?hslang=en
firstamericandatatree,https://www.firstam.com/privacy-policy/
firstdirect,https://firstdirectmarketing.com/privacy-policy/
firstmoversadvantage,https://www.fmadata.com/privacy-policy
firstorion,https://www.firstorion.com/first-orion-global-privacy-and-compliance-dashboard/
firstorioncorp,https://www.iubenda.com/privacy-policy/60166633/legal?an=no&s_ck=false&newmarkup=yes#notice_at_collection
focususa,https://www.focus-usa.com/privacy-policy/
foomonk,https://instantly.ai/privacy
foragerai,https://www.forager.ai/privacy-policy
forewarn,https://www.forewarn.com/privacy-policy/
fourleaf,https://www.fourleafdata.com/privacy-policy
foursquarelabs,https://location.foursquare.com/legal/foursquare-privacy-policy-consumer-services/
fourthwallmedia,https://www.fourthwall.tv/privacy-fourthwall
fraiser,https://www.fraiser.org/privacy-policy
freedataservices,https://www.truepeoplesearch.com/privacy
freepeoplesearchcom,https://www.freepeoplesearch.com/privacy-policy/
freewheelmedia,https://www.freewheel.com/privacy-policy
freshaddress,https://www.freshaddress.com/privacy-policy/
fushiamedia,https://www.fushiamedia.com/privacy
fyllo,https://www.hellofyllo.com/legal/privacy-policies
gale,https://www.cengage.com/privacy
getemails,https://www.retention.com/article-update-privacy-policy
giantpartners,https://giantpartners.com/privacy-policy/
grassrootsanalytics,https://www.grassrootsanalytics.com/website-privacypolicy
gravyanalytics,https://docs.gravyanalytics.com/privacypolicy.html
grayhairsoftware,https://www.grayhairsoftware.com/privacy-policy/
greatlakeslist,https://www.greatlakeslists.com/privacy-policy
greenhousesoftware,https://www.greenhouse.com/privacy-policy
grintechnologies,https://www.grin.co/privacy/
growbots,https://www.growbots.com/privacy/
guidestardirectcorp,https://www.carneydirect.com/privacy-policy/
gundersondirect,https://gundir.com/privacy-policy/
h1insights,https://h1.co/privacy-policy/
harmonresearchgroup,https://www.harmonresearch.com/privacy-policy
healthcare,https://www.healthcare.com/privacy-policy
healthlinkdimensions,https://www.healthlinkdimensions.com/privacy-policy?hslang=en
healthwisedata,https://www.healthwisedata.com/privacy
heartbeatai,https://www.heartbeat.ai/policy
helixcampaigns,https://helixcampaigns.com/privacy/
hexasoftdevelopmentsdnbhd,https://www.ip2location.com/privacy-policy
hireteammate,https://www.app.hireez.com/ownyourdata
hivestack,https://www.hivestack.com/privacy-policy/
homecontractorsreview,https://www.fivestarrated.com/privacy-policy
homedata,https://deepsync.com/privacy-policy/
homeownersmarketingservices,https://homeownersmarketingservices.com/privacy-policy/
hubspot,https://legal.hubspot.com/privacy-policy
huntclub,https://www.exploreatlas.io/privacy
hunterwebservices,https://hunter.io/privacy-policy
i360,https://www.i-360.com/privacy-policy/
id5technologyltd,https://www.id5.io/privacy-policy/
idengine,https://idengine.com/privacy-policy/
idology,https://www.idology.com/en/privacy-policy/
ileadscom,https://ileads.com/company/privacy-policy/
imprintanalytics,https://imprintanalytics.io/privacy/
inboundinsight,https://www.inboundinsight.com/privacy-policy/
incheck,https://www.inchecksolutions.com/privacy-policy/
indiemark,https://www.blackbox.email/privacy-policy?hslang=en
infiniteknot,https://www.contacts411.com/privacy-policy
infinitemediaconcepts,https://www.mailinglists.com/about/privacy-policy/
inflectioncom,https://www.inflection.com/privacy-policy
infocore,https://infocore.com/privacy/
infofreecom,https://www.infofree.com/privacy-policy/
infogroup,https://www.data-axle.com/privacy-policy/
infomatics,https://www.privatereports.com/optout/name/landing
infopay,https://www.infopay.com/privacy
informausa,https://privacy.informa.com/
informationdataresources,https://www.publicinfoservices.com/help-center/privacy
informationcom,https://www.information.com/remove-my-info/
infutordatasolutions,https://infutor.com/privacy-policy
inmarketmedia,https://www.inmarket.com/privacy
inmaroiq,https://www.owneriq.com/privacy-notice
innovativedatabasesolutions,https://www.idatabasesolutions.com/privacy/
innovisdatasolutions,https://www.innovis.com/home/privacy
insightbridge,https://www.mylife.com/privacy-policy
instantcheckmate,https://www.instantcheckmate.com/privacy-policy/
institutionalshareholderservices,https://www.issgovernance.com/privacy-legal/
intalytics,https://www.kalibrate.com/privacy-policy/
integrateddirectmarketing,https://www.idm.us.com/do-not-sell-my-personal-information/
intelius,https://www.intelius.com/privacy-policy/
intellicorprecords,https://www.intellicorp.net/marketing/privacy
intentiq,https://www.intentiq.com/website-privacy-policy/
intentsify,https://intentsify.io/privacy-policy/
interactivedata,https://www.ididata.com/idis-privacy-statement/
iqdatasystems,https://clients.backgroundsonline.com/policies/privacy
iqvia,https://www.iqvia.com/about-us/privacy/privacy-policy
iqviadigital,https://www.iqvia.com/about-us/privacy-policy
irys,https://www.irys.us/privacy-policy
ispottv,https://www.ispot.tv/privacy
iwaveinformationsystems,https://kindsight.io/privacy-policy/
j2globalcanada,https://www.fullcontact.com/privacy/privacy-policy/
j2martechcorp,https://www.ziffdavis.com/privacy
jdpower,https://www.jdpower.com/privacy
jdmlistservices,https://www.jdmlistservices.com/privacy-policy
jmrmediaconsulting,https://www.jmr-media.com/privacy
jungroupproductions,https://www.jungroup.com/optout
kargoglobal,https://www.kargo.com/privacy
kbsynergy,https://www.kbsynergy.com/privacy-policy-ccpa-do-not-sell-my-information/
keymarketingadvantage,https://www.keymarketingadvantage.com/privacy_policy
keywordconnects,https://www.keywordconnects.com/privacy-policy
klarifi,https://klarifi.io/privacy-policy
kloudend,https://www.ipapi.co/privacy/
knowertechusa,https://knowertech.com/privacy-policy/
knowledgeworks,https://www.equifax.com/privacy/
knowwho,https://www.knowwho.com/service/privacy/
kochava,https://www.kochava.com/website-visitor-privacy-policy/
koddi,https://koddi.com/privacy-policy/
komodohealth,https://www.komodohealth.com/privacy-notice/
kontextdata,https://www.kontextdata.com/privacy
kyberhealthdata,https://www.cowen.com/ca/en/privacy-security
labelslists,https://www.l2-data.com/privpageopt-009087675/
leadintelligence,https://www.marketing.verisk.com/privacy-center/
leadmemedia,https://policy.leadmemedia.com/policiestermsconditions/privacypolicy.html
lead411,https://www.lead411.com/privacy-policy/
leadcrunch,https://getrev.ai/privacy-policy/
leadershipconnect,https://www.leadershipconnect.io/privacy-portal/
leadiq,https://privacy.leadiq.com/legal/privacy-policy
leadloft,https://www.leadloft.com/user-agreements/privacy-policy
leadpost,https://leadpost.com/privacy-policy/
leadsmarketcom,https://www.leadsmarket.com/privacy-policy
leadspace,https://www.leadspace.com/privacy-notice/
leidosdigitalsolutions,https://leidosiq.com/privacy-statement/
lenschenker,https://anchorcomputer.com/privacy-policy/
lexisnexisrisksolutions,https://www.lexisnexis.com/en-us/terms/privacy-policy.page
lexisnexisrisksolutionsfl,https://risk.lexisnexis.com/corporate/privacy-policy
lifesight,https://lifesight.io/privacy-policy/
lightboxparentlp,https://www.lightboxre.com/privacy-policy/
lighthouselist,https://www.lighthouselist.com/privacy-policy
lionsharemarketing,https://www.lionsharemarketing.com/privacy-policy/
listservicedirect,https://listservicedirect.com/privacy-policy/
livedatatechnologies,https://www.livedatatechnologies.com/legals
liveintent,https://www.liveintent.com/privacy-policy/
liverampholdings,https://liveramp.com/privacy/
lizdev,https://lizdev.com/privacy-policy/
locatesmarter,https://locatesmarter.com/privacy-policy/
lookify,https://www.lookify.io/privacy-policy
loopmelimited,https://www.legal.loopme.com/privacy-center
lotamesolutions,https://www.lotame.com/privacy/
lsmobileappsholdingsltd,https://www.lsmapps.com/privacy-policy
lucidholdings,https://www.cint.com/privacy-policy/
lundquistconsulting,https://g2risksolutions.com/privacy-notice/
lushasystems,https://www.lusha.com/legal/ccpa/
m1dataanalytics,https://m1-data.com/privacy-policy/
madhive,https://www.madhive.com/legal/privacy-policy
magnite,https://www.magnite.com/legal/magnite-website-privacy-policy/
malvernmedia,https://www.malvernmedia.com/privacy-policy
marketforce,https://www.marketforcecorp.com/privacy-policy/
marketingpartnerservices,https://www.siteimpact.com/privacypolicy.php
marketops,https://marketops.com/privacy-policy/
marriottinternational,https://www.marriott.com/about/your-privacy-rights.mi
matchbookdata,https://www.matchbookdata.com/privacy-policy/
maxmind,https://www.maxmind.com/en/privacy-policy
mchstrategicdata,https://www.mchdata.com/about/privacy-policy
mediamath,https://www.mediamath.com/privacy-policy/
medianetadvertisingfz,https://www.media.net/privacy-policy/
mediasoft,https://www.mediasoftstudio.com/privacy.php
mediawallah,https://mediawallah.com/privacy-policy/
mediazod,https://www.leadzod.com/privacy-policy
medprosystems,https://www.medprosystems.com/privacy-policy/
melissadata,https://www.melissa.com/privacy-policy
meltwaternewsus,https://www.meltwater.com/en/privacy
merkle,https://merkleinc.com/en/privacy-policy.html
messagedigital,https://www.messagedigital.com/privacy-policy
mhsubi,https://www.internetbrands.com/privacy/privacy-main
mightyrep,https://mightyrep.com/privacy/
milestonemarketingsolutions,https://www.milestonemarketingsolutions.com/privacy-policy
minervabi,https://www.realtors.minervadata.xyz/privacy-policy
mississippitornadoalley,https://www.fastpeoplesearch.com/privacy
mobiletechnology,https://www.onspotdata.com/privacy-policy
mobilewalla,https://www.mobilewalla.com/privacy_center
modernize,https://modernize.com/privacy
modfxlabspvtltd,https://www.modfxlabs.com/privacy
modigie,https://modigie.com/privacy-policy/
mogean,https://www.mogean.com/privacy-policy
monevo,https://www.app.monevo.us/california-privacy-policy
monocl,https://www.monocl.com/privacy/expert-privacy-policy/
mrstrategicservices,https://www.mrss.com/privacy-policy/
multimedialists,https://www.multimedialists.com/privacy-policy
narvar,https://www.corp.narvar.com/legal/privacy-policy
nationalconsumertelecomutilitiesexchange,https://nctue.com/privacy-policy/
nationaldataanalytics,https://www.publicdatacheck.com/help-center/privacy
nationalopinioninstitute,https://nationalopinioninstitute.com/privacy/
nationalstudentclearinghouse,https://studentclearinghouse.org/privacy-policy/
nativo,https://www.nativo.com/privacy-policy
ncvnetures,https://ncsolutions.com/website-privacy-policy/
nearnorthamerica,https://www.near.com/cookies
netwisedata,https://www.submit-irm.trustarc.eu/services/validation/ba81b98f-997d-4216-b4cc-d64cf261b082
newgoldventures,https://www.thinkdatagroup.com/privacy-policy
nexsalessolutions,https://www.nexsales.com/privacy-policy.html
nextwavemarketingstrategies,https://agedleadstore.com/privacy-policy/
nextroll,https://www.nextroll.com/privacy
nexxagroup,https://www.nexxagroup.com/corporate-overview/privacy-policy/
nexxen,https://nexxen.com/privacy-policy/
nfocusconsulting,https://www.n-focus.com/privacy-policy/
nielsenmarketingcloud,https://www.nielsen.com/legal/privacy-principles/website-privacy-statement/
northamericanmedia,https://www.iubenda.com/privacy-policy/13411547
novalistcompany,https://www.novalist.com/privacy-policy
nuwber,https://www.nuwber.com/policy
nymblr,https://www.nimbler.com/copy-of-privacy-policy
onholdamerica,https://www.kycdata.com/privacy-policy-2/
onaudienceltd,https://www.onaudience.com/internet-advertising-privacy-policy
onemodel,https://www.onemodel.co/privacy-policy
onlineadvertisingnetworkspzoo,https://oan.pl/privacy-policy/
onlinemediagroup,https://www.omginc.xyz/privacy
opendealerexchange,https://www.700credit.com/privacy-policy/
opensend,https://www.opensend.com/privacy-policy
openxtechnologies,https://www.openx.com/privacy-center/privacy-policy/
optimalfusion,https://www.optimalfusion.com/privacy/
oracleamerica,https://www.oracle.com/legal/privacy/privacy-policy/
orgio,https://www.theorg.com/privacy
outbrain,https://www.my.outbrain.com/recommendations-settings/home
outlogic,https://outlogic.io/privacy-policy/
outwardmedia,https://outwardmedia.com/privacypolicy
ownco,https://www.monitorbase.com/privacy-policy
owneriq,https://www.owneriq.com/privacy-notice.html
pacificeastresearch,https://www.pacificeast.com/privacy-policy/
paedae,https://www.infillion.com/legal/privacy-policy/
paramountlists,https://www.paramountdirectmarketing.com/privacy-policy.php
partnerscreditandverificationsolutions,https://www.partnerscredit.com/privacy-policy.html
path2response,https://path2response.com/privacy-policy/
pensionbenefitinformation,https://pbinfo.com/privacy-policy/
peopledatalabs,https://privacy.peopledatalabs.com/policies?name=privacy-policy
peopleconnect,https://www.peopleconnect.us/privacy-policy/
peoplefinders,https://www.peoplefinders.com/about/privacy
peoplefindersdaas,https://www.peoplefindersdaas.com/privacy-policy
peoplewhiz,https://www.peoplewhiz.com/remove-my-info
permutive,https://www.permutive.com/privacy/
pipl,http://pipl.com/resources/privacy-documents/privacy-policy
pitchbookdata,https://www.pitchbook.com/privacy-policy
placeexchange,https://www.placeexchange.com/privacy
plexuss,https://www.plexuss.com/privacy-policy
plunge,https://www.plungedigital.com/privacy-policy/
pmgworldwide,https://www.pmg.com/privacy-policy
polity,https://www.polityinc.com/legal/privacy-policy
popactamedia,https://www.popacta.com/privacy-policy/
possiblenowdataservices,https://www.possiblenow.com/privacy-statement
postie,https://postie.com/privacy-policy/
postpilot,https://www.postpilot.com/privacy-policy
preciselysoftwareincorporated,https://www.precisely.com/legal/privacy-notices
predactiv,https://www.predactiv.com/privacy
predictivepop,https://www.audigent.com/privacypolicy
preqinlimited,https://www.preqin.com/policies/privacy-policy
privaterecords,https://www.privaterecords.net/optout/name/landing
privcomedia,https://www.privco.com/privacy-policy
prodpro,https://app.prodpro.com/privacy-policy
projectapplecart,https://www.applecart.co/privacy
propertyreachlp,https://www.propertyreach.com/privacy
propertyradar,https://www.propertyradar.com/privacy-policy?hslang=en
proximaplatform,https://www.proximaplatform.com/consumer-privacy-policy
publicnsa,https://bigdbm.com/privacy-policy/
pubmatic,https://pubmatic.com/legal/privacy-policy
pulsepoint,https://www.pulsepoint.com/legal/platform-privacy-policy
purecarstechnologies,https://www.purecars.com/privacy-policy
pwcproductsales,https://www.pwc.com/us/en/site/privacy.html
quadgraphics,https://www.quad.com/legal/privacy-policy
quadrantglobalpteltd,https://www.quadrant.io/privacy-policy
qualfon,https://www.qualfon.com/privacy-policy/
qualityplanning,https://www.verisk.com/privacy-policies/
qwoted,https://app.qwoted.com/privacy_policy
rrdonnelleysonscompany,https://www.rrd.com/privacy-policy
rampedup,https://www.rampedup.io/privacy-policy-1
rategainadara,https://adara.com/privacy-promise/
raycdp,https://www.rayinsights.com/privacy-policy/
realintent,https://www.realintent.co/privacy-policy
realeflow,https://cdn.realeflow.com/privacy-policy.pdf
realsource,https://www.realsourcedata.com/privacy-policy
recruitbot,https://recruitbot.com/privacy-policy/
recsolu,https://yello.co/privacy-policy/
redidata,https://www.redidata.com/privacy-policy/
redmob,https://www.redmob.io/privacy-policy
refinitivus,https://www.refinitiv.com/en/policies/privacy-statement
regulatorydatacorp,https://www.moodys.com/privatepolicy.aspx?lang=en&cy=global
reis,https://www.catylist.com/privacy/
reklaimltd,https://www.reklaimyours.com/privacy-policy
relationshipscience,https://altrata.com/privacy-policy
relpro,https://www.relpro.com/privacy-policy
remodelingcom,https://remodeling.com/privacy-policy/
rentrisk,https://rentrisk.com/privacy-policy/
researchusa,https://researchusallc.com/privacy-policy/
resonate,https://www.resonate.com/privacy-policy
resultsonlyconsultingandadvertising,https://www.rocadvertising.com/privacy-policy/
revcontent,https://www.revcontent.com/policy/privacy-policy#residents-of-the-state-of-california
revealmobile,https://revealmobile.com/privacy/
reveliolabs,https://www.reveliolabs.com/privacy/
revenuebase,https://revenuebase.ai/privacy-policy/
revoptimal,https://www.revoptimal.com/privacy/
rhetoriklimited,https://rhetorik.com/privacy-policy/
richmedia,https://richmediallc.com/privacy-policy/
rocketreach,https://www.rocketreach.co/privacy
rooftopdigital,https://www.therooftop.io/privacy-policy/
roqad,https://www.roq.ad/privacy-policy-roqad/
roundsky,https://www.roundsky.com/privacypolicy.php
rponsite,https://www.realpage.com/legal/privacy-policy/
rpmdirect,https://www.exlservice.com/privacy-policy
rufstrategicsolutions,https://www.ruf.com/privacy-center/
runtimecollective,https://www.brandwatch.com/legal/user-privacy-policy/
sabio,https://www.sabio.inc/privacypolicy
safegraph,https://www.safegraph.com/privacy-policy
saferentsolutions,https://saferentsolutions.com/privacy-policy-2/
sagestream,https://risk.lexisnexis.com/privacy-policy
salesintelresearch,https://salesintel.io/privacy-policy/
salutarydata,https://www.salutarydata.com/privacy-policy/
sambatv,https://www.samba.tv/users/privacy-policy
sbfe,https://www.sbfe.org/legal/privacy-policy
scalablecommerce,https://www.kidslivesafe.com/help-center/privacy
scanbuy,https://www.scanbuy.com/rights/data
schmerms,https://www.date-detective.app/agreements/privacy-policy
scileadsltd,https://scileads.com/privacy-policy/
seamlesscontacts,https://www.seamless.ai/policies/privacy-policy
searchbug,https://www.searchbug.com/privacy.aspx
semasio,https://www.semasio.com/legal/privacy-policies
semasiogmbh,https://www.semasio.com/legal/semasio-privacy-policy
semcasting,https://www.semcasting.com/privacy_policy?hslang=en
semcastingcom,https://www.semcasting.com/privacy_policy
sentilinkcorp,https://www.sentilink.com/privacy-policy/
service1stinformationsolutions,https://www.srv1st.com/privacy-policy
sharelocalmedia,https://sharelocalmedia.com/privacy-policy
sharethrough,https://privacy-center.sharethrough.com
sheerid,https://www.sheerid.com/global-privacy-policy/
similarwebltd,https://www.similarweb.com/corp/legal/privacy-policy/
simiocloud,https://www.simiocloud.com/simiocloud-products-services-privacy-policy/
skipsmasher,https://www.skipsmasher.com/privacy.aspx
slashdotmedia,https://www.slashdotmedia.com/privacy-statement/
snovio,https://www.snov.io/privacy-policy
socialcatfish,https://www.socialcatfish.com/privacy-lock?action=1
sourcepathdigital,https://www.sourcepathdigital.com/privacy-policy/
sourceittechnologies,https://www.sourceitmarketing.com/privacy-policy/
sourcescrub,https://www.sourcescrub.com/legal/privacy-policy
sovrn,https://www.sovrn.com/privacy-policy/privacy-policy/
specialistsmarketingservices,https://sms-inc.com/privacy-notice/
speedeondata,https://speedeondata.com/privacy-policy/
spokeo,https://www.spokeo.com/privacy-policy
spydialerlabs,https://www.spydialer.com/privacy.aspx
spycloud,https://www.spycloud.com/legal/privacy-policy/
stackadapt,https://www.stackadapt.com/legal-document-centre/platform-and-services-privacy-policy
startio,https://www.start.io/policy/privacy-policy/
statarasolutions,https://statara.com/privacy-policy/
statsocial,https://www.statsocial.com/privacy-policy
stefancertic,https://www.flashintel.ai/privacy-statement-us
steppingblocks,https://www.steppingblocks.com/privacy-policy
sterlingdatacompany,https://www.sterling.ai/privacy-policy/
stirista,https://www.stirista.com/privacy-policy/
stratacompany,https://www.gostrata.com/privacy-policy
stratmish,https://www.spoker.com/privacypolicy.aspx
structure,https://structure.ac/privacy-policy/
stuartmcnair,https://www.fusable.com/legal/website-terms-and-privacy-notice
subdirect,https://www.360mediadirect.com/privacy-policy
summitresources,https://clientcommand.com/client-command-privacy-notice/
swarmholdings,https://www.theswarm.com/privacy
swoopcom,https://www.swoop.com/privacy_notice
swordfishai,https://www.swordfish.ai/policy-ccpa
taboola,https://www.taboola.com/privacy-policy
tagis,https://www.amplemarket.com/legal/privacy
talx,https://www.equifax.com/privacy
tapad,https://www.tapad.com/privacy
targetsmartcommunications,https://targetsmart.com/privacy-policy/
taxcreditco,https://www.experianverify.com/privacy
techtarget,https://www.techtarget.com/privacy-policy/
telesign,https://www.telesign.com/privacy-notice
teletrack,https://www.corelogic.com/legal/privacy-policy
terminussoftware,https://terminus.com/privacy-policy/
thealescogroup,https://www.alescodata.com/privacy-policy/
thebridgecorp,https://www.thebridgecorp.com/privacy-policy/
thedatagroup,https://www.thedatagroup.com/california-consumer-privacy-act/
theleadcompany,https://www.lead.co/privacy/
thenielsencompany,https://www.nielsen.com/legal/privacy-principles/
theopendatapeople,https://www.openpeoplesearch.com/privacy
thepeoplesearchers,https://www.peoplesearcher.com/optout/name/landing
throtle,https://www.throtle.io/website-privacy-policy
tinuiti,https://tinuiti.com/privacy-policy/
tl1mktslsl,https://www.tl1mkt.com/privacy.html
tmobileusa,https://www.t-mobile.com/privacy-center/our-practices/privacy-policy
towerdata,https://www.towerdata.com/privacy-policy/
traackr,https://www.traackr.com/privacy-policy
trestlesolutions,https://trestleiq.com/privacy-policy/
triplelift,https://www.triplelift.com/user-rights-policy-and-opt-out/
trueblueanalytics,https://www.trueblueanalytics.org/privacy-policy
trueopulence,https://trueopulence.com/en/privacy-policy
truedatasolutions,https://www.truedata.co/privacy-policy/
truthnow,https://www.checksecrets.com/privacy.
truthfinder,https://www.truthfinder.com/privacy-policy/
tsgholdco,https://www.finthrive.com/privacy-policy
tunnl,https://www.tunnldata.com/privacy-policy
unacast,https://www.unacast.com/privacy-policy
unearthcampaigns,https://www.unearthcampaigns.com/privacy-policy
unitedoneresources,https://www.unitedone.com/privacy-policy/
unitytechnologiessf,https://www.unity.com/legal/privacy-policy
unmask,https://www.unmask.com/privacy-policy/
uplead,https://www.uplead.com/privacy/
upscapital,https://www.upscapital.com/privacy-notice/
usdata,https://www.usdatacorporation.com/privacy-policy/
usmarketinggroup,https://usmarketinggrp.com/privacy-policy/
usadata,https://www.usadata.com/privacy-policy
uspeoplesearchcom,https://www.uspeoplesearch.com/purge-my-data/
v12,https://www.v12data.com/privacy-policy/
v12privacy,https://porchgroupmedia.com/privacy-policy/
valassisdirectmail,https://www.valassis.com/privacy-policy
veevasystems,https://www.veeva.com/privacy/
vendelux,https://www.vendelux.com/privacy/
venntel,https://www.venntel.com/privacy-policy?hslang=en
venpath,https://www.venpath.net/legal/privacy-notice
ventiveiq,https://ventiveiq.com/privacy-policy/
veraset,https://www.veraset.com/privacy-policy
versiumanalytics,https://versium.com/privacy-policy
vertify,https://www.vertify.com/privacy-policy/
vianttechnology,https://www.viantinc.com/privacy-center/
viantus,https://s42464.pcdn.co/wp-content/uploads/2025/02/viant-website-privacy-policy-2.12.2025-final.docx-google-docs.pdf
videoamp,https://videoamp.com/privacy-policy/
virtualmarketing,https://www.fusion92.com/privacy-policy
visitiqio,https://visitiq.io/wp-content/uploads/2025/02/visitiq-privacy-policy-2025.pdf
vistarmedia,https://www.vistarmedia.com/privacy
visualvisitorllc,https://www.visualvisitor.com/legal-agreements/
vrtcalmarkets,https://www.vrtcal.com/docs/privacypolicy-corporate.pdf
warmly,https://www.warmly.ai/p/privacy-policy
weinform,https://www.weinform.org/privacy.
wealthengine,https://wealthengine.com/privacy-policy
wealthfeed,https://www.wealthfeed.com/privacy-policy/
wealthx,https://wealthx.com/privacy-policy
webbula,https://webbula.com/privacy-policy/
westpublishing,https://www.thomsonreuters.com/en/privacy-statement
whitepages,https://www.whitepages.com/privacy
wiland,https://wiland.com/privacy-policies/
windfalldata,https://www.windfall.com/privacy
winrdatabv,https://www.winrdata.com/privacy-policy/
wisdommediagroup,https://www.wisdommediagroupllc.com/privacy.php
wiza,https://www.wiza.co/privacy
wunderkind,https://www.wunderkind.co/privacy/
xactus,https://xactus.com/privacy-policy/
xad,https://www.groundtruth.com/privacy-policy/
xcelerateddata,https://www.xcelerated.com/general-5
xome,https://www.xome.com/pages/privacy-policy
youvisit,https://eab.com/privacy-policy/
zenleads,https://www.apollo.io/privacy-policy
zetaglobalcorp,https://zetaglobal.com/privacy-policy/
zipstorm,https://www.seekout.com/privacy
zoominfotechnologies,https://www.zoominfo.com/legal/privacy-policy
zsassociates,https://www.zs.com/privacy-policy-highlights
